rentree,zone_geographique_d_origine,nationalite,code_nation,total_mobiles,mob_univ,mob_ec_commerce,mob_inge_univ,mob_inge_hors_univ,mob_ec_art,mob_autres_formations,mob_idf,mob_auvergnerhonealpes,mob_occitanie,mob_grandest,mob_hautsdefrance,mob_autres_regions,total_etrangers,etr_univ,etr_ec_commerce,etr_inge_univ,etr_inge_hors_univ,etr_ec_art,etr_autres_formations,etr_idf,etr_auvergnerhonealpes,etr_occitanie,etr_grandest,etr_hautsdefrance,etr_autres_regions,iso3,name_fr,bologne,oecd_members,ue27
2022,Afrique subsaharienne,CAMEROUN,322,7552,3233,1850,173,1187,54,1055,2689,694,427,915,550,2277,9767,4321,2328,194,1277,72,1575,3764,907,539,1053,700,2804,CMR,Cameroun,False,False,False
2022,Afrique subsaharienne,COTE D'IVOIRE,326,8523,5373,1670,101,471,105,803,2423,1185,682,563,646,3024,10691,6523,2006,109,519,131,1403,3525,1379,800,677,780,3530,CIV,Côte dIvoire,False,False,False
2022,Afrique subsaharienne,ERYTHREE,317,16,15,0,0,0,0,2.5,2.5,2.5,0,2.5,0,9,68,52,2.5,2.5,2.5,2.5,10,16,8,0,9,2.5,31,ERI,Erythrée,False,False,False
2022,Afrique subsaharienne,GHANA,329,431,310,54,0,17,2.5,46,79,46,53,31,36,186,494,342,59,0,17,2.5,72,106,56,58,33,37,204,GHA,Ghana,False,False,False
2022,Afrique subsaharienne,GUINEE,330,2842,2408,168,28,49,19,170,618,383,256,221,262,1102,3860,2949,235,32,71,24,549,953,481,311,277,416,1422,GIN,Guinée,False,False,False
2022,Afrique subsaharienne,LIBERIA,302,7,2.5,2.5,0,0,0,2.5,2.5,2.5,0,2.5,2.5,2.5,14,8,2.5,0,0,0,5,6,2.5,0,2.5,2.5,2.5,LBR,Liberia,False,False,False
2022,Afrique subsaharienne,MALI,335,2275,1803,197,24,77,6,168,773,224,192,152,177,757,2929,2107,257,26,93,9,437,1225,258,211,180,214,841,MLI,Mali,False,False,False
2022,Afrique subsaharienne,MAURICE,390,1238,836,80,24,29,151,118,425,115,124,61,53,460,1575,1045,115,24,38,160,193,574,152,144,78,66,561,MUS,Ile Maurice,False,False,False
2022,Afrique subsaharienne,MOZAMBIQUE,393,106,71,14,2.5,0,2.5,17,22,18,14,10,2.5,41,112,75,14,2.5,0,2.5,17,26,18,15,11,2.5,41,MOZ,Mozambique,False,False,False
2022,Afrique subsaharienne,SOMALIE,318,30,29,0,2.5,0,0,0,5,2.5,2.5,8,2.5,12,100,78,2.5,2.5,0,2.5,18,14,5,8,19,6,48,SOM,Somalie,False,False,False
2022,Afrique subsaharienne,SWAZILAND,391,2.5,0,0,0,0,0,2.5,2.5,0,2.5,0,0,0,2.5,0,2.5,0,0,0,2.5,2.5,0,2.5,0,0,0,SWZ,Eswatini,False,False,False
2022,Afrique subsaharienne,ZAMBIE,346,22,11,2.5,2.5,2.5,2.5,2.5,6,2.5,2.5,2.5,2.5,9,25,14,2.5,2.5,2.5,2.5,2.5,7,5,2.5,2.5,2.5,10,ZMB,Zambie,False,False,False
2022,Afrique subsaharienne,ZIMBABWE,310,67,39,7,0,2.5,7,12,18,13,2.5,2.5,2.5,25,72,42,8,0,2.5,7,13,18,13,2.5,2.5,6,28,ZWE,Zimbabwe,False,False,False
2022,Amérique,BAHAMAS,436,11,5,2.5,0,0,2.5,2.5,5,2.5,0,2.5,0,2.5,12,5,2.5,0,0,2.5,2.5,5,2.5,0,2.5,0,2.5,BHS,Bahamas,False,False,False
2022,Amérique,BELIZE,429,2.5,2.5,0,0,0,2.5,2.5,2.5,0,0,2.5,0,2.5,2.5,2.5,0,0,0,2.5,2.5,2.5,0,0,2.5,0,2.5,BLZ,Belize,False,False,False
2022,Amérique,CANADA,401,1873,1070,355,7,36,91,314,856,342,158,131,53,333,2209,1254,433,8,47,107,360,987,392,178,150,78,424,CAN,Canada,False,True,False
2022,Amérique,SAINT-CHRISTOPHE-ET-NIEVES,442,2.5,2.5,2.5,0,0,0,0,2.5,0,0,0,0,2.5,9,6,2.5,0,2.5,0,2.5,2.5,2.5,0,2.5,0,2.5,KNA,Saint-Christophe-et-Niévès,False,False,False
2022,Amérique,SAINT-VINCENT-ET-LES-GRENADINES,440,2.5,2.5,0,0,0,0,0,2.5,0,0,0,0,2.5,2.5,2.5,0,0,0,0,0,2.5,0,0,0,0,2.5,VCT,Saint-Vincent-et-les-Grenadines,False,False,False
2022,Asie,CHINE,216,22724,9996,7828,216,1490,1115,2079,8665,2621,1760,1237,1717,6724,25605,11461,8337,258,1680,1268,2601,10487,2826,1833,1326,1817,7316,CHN,Chine,False,False,False
2022,Asie,INDE,223,6603,1345,4032,6,108,179,933,3318,655,397,321,576,1336,6986,1485,4149,9,131,186,1026,3536,686,408,331,592,1433,IND,Inde,False,False,False
2022,Asie,JAPON,217,1412,832,177,2.5,20,230,152,645,174,103,113,46,331,1631,932,196,2.5,33,283,183,751,208,113,117,53,389,JPN,Japon,False,True,False
2022,Asie,LIBAN,205,10688,7029,1418,163,589,380,1109,4258,1484,1044,651,731,2520,11527,7458,1584,175,654,418,1238,4675,1608,1086,733,761,2664,LBN,Liban,False,False,False
2022,Asie,SINGAPOUR,226,295,47,111,0,18,7,112,226,14,23,8,7,17,320,52,128,0,19,8,113,236,20,25,10,7,22,SGP,Singapour,False,False,False
2022,Europe,BELGIQUE,131,2957,1936,418,9,52,173,369,1257,284,274,201,307,634,4871,3137,604,23,157,253,697,1732,513,575,335,545,1171,BEL,Belgique,True,True,True
2022,Europe,BULGARIE,111,664,488,62,2.5,6,33,72,247,86,76,93,37,125,967,690,79,6,11,39,142,361,120,102,121,47,216,BGR,Bulgarie,True,False,True
2022,Europe,GRECE,126,3037,2640,138,5,20,48,186,1190,210,261,640,85,651,3235,2769,163,5,28,56,214,1281,235,280,657,95,687,GRC,Grèce,True,True,True
2022,Europe,ISLANDE,102,34,19,2.5,0,0,9,2.5,16,2.5,5,2.5,0,10,40,20,7,0,2.5,10,2.5,16,2.5,6,2.5,2.5,14,ISL,Islande,True,True,False
2022,Europe,MALTE,144,39,17,7,0,0,8,7,19,8,2.5,2.5,2.5,5,44,19,8,0,2.5,9,7,23,8,2.5,2.5,2.5,6,MLT,Malte,True,False,True
2022,Europe,MOLDAVIE,151,296,258,8,0,2.5,12,14,70,40,19,62,10,95,570,414,24,2.5,8,22,100,266,51,28,77,13,135,MDA,Moldavie,True,False,False
2022,Europe,ROUMANIE,114,2391,1906,110,7,34,76,258,1218,246,185,229,64,449,4291,3235,217,23,93,111,612,2239,384,288,320,129,931,ROU,Roumanie,True,False,True
2022,Europe,SUISSE,140,1562,901,228,2.5,14,165,251,717,229,89,233,26,268,2264,1296,368,2.5,34,215,347,891,449,128,314,36,446,CHE,Suisse,True,True,False
2022,Europe,UKRAINE,155,2710,2093,166,6,28,213,204,772,358,244,381,157,798,3351,2519,207,11,45,247,322,1065,418,289,446,182,951,UKR,Ukraine,True,False,False
2022,Maghreb,ALGERIE,352,25781,22200,1514,157,294,296,1320,10987,2182,2107,1515,2347,6643,32147,26533,2071,197,422,346,2578,13899,2889,2599,1860,2884,8016,DZA,Algérie,False,False,False
2022,Océanie,FIDJI,508,6,2.5,2.5,0,0,0,2.5,2.5,2.5,2.5,0,0,2.5,14,6,2.5,0,2.5,0,2.5,2.5,2.5,2.5,2.5,2.5,5,FJI,Fidji,False,False,False
2022,Océanie,NOUVELLE ZELANDE,502,48,28,12,0,0,2.5,7,24,12,2.5,2.5,0,5,59,36,13,0,0,2.5,9,24,16,6,2.5,0,10,NZL,Nouvelle-Zélande,False,True,False
2023,Afrique subsaharienne,ANGOLA,395,424,295,26,19,33,8,43,79,77,32,57,47,132,995,621,63,25,40,13,233,258,190,61,98,107,281,AGO,Angola,False,False,False
2023,Afrique subsaharienne,BURKINA,331,2002,1421,191,53,121,13,203,500,348,193,118,173,670,2309,1580,252,57,137,17,266,644,375,216,133,198,743,BFA,Burkina Faso,False,False,False
2023,Afrique subsaharienne,CAMEROUN,322,8603,3495,2224,191,1451,62,1180,3212,866,466,857,684,2518,10880,4582,2759,215,1559,85,1680,4400,1053,566,978,815,3068,CMR,Cameroun,False,False,False
2023,Afrique subsaharienne,COTE D'IVOIRE,326,9184,5343,2118,114,502,119,988,2933,1210,672,528,688,3153,11772,6544,2747,120,569,164,1628,4314,1410,830,662,845,3711,CIV,Côte dIvoire,False,False,False
2023,Afrique subsaharienne,DJIBOUTI,399,661,532,43,2.5,9,2.5,70,126,73,67,38,93,264,799,610,67,7,14,6,95,167,89,81,51,106,305,DJI,Djibouti,False,False,False
2023,Afrique subsaharienne,EGYPTE,301,2551,2035,198,18,51,70,179,1105,508,174,108,106,550,3119,2394,248,23,81,94,279,1450,545,188,182,133,621,EGY,Egypte,False,False,False
2023,Afrique subsaharienne,OUGANDA,339,79,50,9,0,2.5,2.5,15,21,7,9,6,15,21,97,60,10,0,2.5,8,18,26,10,10,9,16,26,UGA,Uganda,False,False,False
2023,Afrique subsaharienne,SAO TOME-ET-PRINCIPE,394,9,9,0,0,0,0,0,0,2.5,0,0,0,8,11,10,0,0,0,0,2.5,2.5,2.5,0,0,0,8,STP,Sao Tomé-et-Principe,False,False,False
2023,Amérique,BAHAMAS,436,10,2.5,2.5,0,0,2.5,2.5,6,2.5,2.5,0,0,2.5,11,2.5,2.5,0,0,2.5,2.5,6,2.5,2.5,2.5,0,2.5,BHS,Bahamas,False,False,False
2023,Amérique,COSTA RICA,406,219,157,22,2.5,6,2.5,29,74,39,31,17,14,44,242,175,24,2.5,6,2.5,32,81,41,37,21,14,48,CRI,Costa Rica,False,False,False
2023,Amérique,HAITI,410,2524,2287,54,19,10,14,140,710,230,234,157,154,1039,4727,3652,126,25,21,36,867,1276,271,291,207,193,2489,HTI,Haïti,False,False,False
2023,Amérique,JAMAIQUE,426,29,25,0,0,0,0,2.5,5,2.5,2.5,2.5,2.5,15,38,30,0,0,0,0,8,9,2.5,2.5,2.5,2.5,20,JAM,Jamaïque,False,False,False
2023,Amérique,SURINAME,437,5,5,0,0,0,0,0,0,0,0,0,2.5,2.5,189,132,2.5,0,0,2.5,52,2.5,2.5,2.5,8,11,163,SUR,Suriname,False,False,False
2023,Asie,BIRMANIE,224,67,37,12,0,0,8,10,29,9,8,2.5,2.5,17,76,42,14,0,0,10,10,34,9,8,2.5,2.5,21,MMR,Birmanie,False,False,False
2023,Asie,CHINE,216,24174,10979,8591,171,1248,1002,2183,9051,2525,1715,1228,2424,7231,27123,12374,9130,197,1461,1190,2771,10957,2705,1778,1348,2529,7806,CHN,Chine,False,False,False
2023,Asie,CHYPRE,254,226,158,25,0,2.5,18,22,86,26,29,31,12,42,249,170,30,0,2.5,21,25,101,27,30,35,12,44,CYP,Chypre,True,False,True
2023,Asie,INDE,223,7344,1502,4524,2.5,112,209,993,3587,727,442,332,598,1658,7798,1643,4709,8,127,224,1087,3856,753,450,349,611,1779,IND,Inde,False,False,False
2023,Asie,IRAK,203,188,159,5,2.5,2.5,2.5,17,45,43,8,16,17,59,565,427,10,2.5,13,10,101,110,98,21,85,47,204,IRQ,Irak,False,False,False
2023,Asie,NEPAL,215,193,97,55,0,0,2.5,37,53,28,21,11,7,73,230,117,60,0,2.5,7,44,79,29,23,13,7,79,NPL,Népal,False,False,False
2023,Asie,SYRIE,206,1247,1041,37,14,14,50,91,340,208,81,169,74,375,2454,1993,62,30,44,67,258,536,418,162,384,159,795,SYR,Syrie,False,False,False
2023,Asie,TURKMENISTAN,260,21,13,2.5,0,2.5,2.5,2.5,10,2.5,2.5,2.5,2.5,2.5,27,16,2.5,0,2.5,2.5,2.5,11,2.5,2.5,2.5,2.5,6,TKM,Turkménistan,False,False,False
2023,Asie,VIETNAM,243,4902,3419,468,15,288,182,530,1439,613,431,161,240,2018,5383,3676,553,19,306,222,607,1656,660,453,184,252,2178,VNM,Viêt Nam,False,False,False
2023,Europe,ALBANIE,125,571,438,39,0,8,23,63,136,115,62,57,40,161,1428,970,86,6,28,37,301,200,331,142,221,93,441,ALB,Albanie,True,False,False
2023,Europe,BOSNIE-HERZEGOVINE,118,105,83,7,0,2.5,2.5,11,42,9,2.5,6,8,36,208,153,11,0,2.5,2.5,40,54,47,5,41,10,51,BIH,Bosnie-Herzégovine,True,False,False
2023,Europe,CROATIE,119,198,112,46,0,2.5,8,29,94,14,17,10,11,52,241,141,54,2.5,2.5,8,33,119,19,17,13,13,60,HRV,Croatie,True,False,True
2023,Europe,ESTONIE,106,103,48,22,0,2.5,10,22,62,11,10,7,2.5,12,127,63,25,0,2.5,11,27,71,13,12,8,2.5,22,EST,Estonie,True,True,True
2023,Europe,ISLANDE,102,31,16,7,0,0,5,2.5,15,2.5,2.5,2.5,2.5,8,37,18,8,0,2.5,6,2.5,19,2.5,2.5,2.5,2.5,8,ISL,Islande,True,True,False
2023,Europe,LUXEMBOURG,137,1544,1282,108,2.5,13,41,99,404,60,180,660,41,199,1949,1610,143,2.5,18,50,127,473,78,189,922,52,235,LUX,Luxembourg,True,True,True
2023,Europe,MALTE,144,35,21,2.5,0,0,2.5,6,10,9,5,2.5,2.5,9,39,24,2.5,0,2.5,2.5,6,12,9,5,2.5,2.5,11,MLT,Malte,True,False,True
2023,Europe,PAYS-BAS,135,812,370,188,2.5,9,39,205,358,68,113,42,88,143,1548,850,253,10,39,60,336,551,165,209,88,143,392,NLD,Pays-Bas,True,True,True
2023,Europe,SUISSE,140,1561,854,291,2.5,13,163,238,771,229,82,192,39,248,2298,1265,421,2.5,30,223,356,952,486,131,262,55,412,CHE,Suisse,True,True,False
2023,Océanie,KIRIBATI,513,0,0,0,0,0,0,0,0,0,0,0,0,0,2.5,0,2.5,0,0,0,0,0,0,0,0,0,2.5,KIR,Kiribati,False,False,False
2023,Océanie,NAURU,507,0,0,0,0,0,0,0,0,0,0,0,0,0,0,0,0,0,0,0,0,0,0,0,0,0,0,NRU,Nauru,False,False,False
2023,Océanie,NOUVELLE ZELANDE,502,73,41,18,0,0,2.5,11,32,17,2.5,2.5,2.5,15,89,50,21,0,0,5,13,36,21,7,2.5,2.5,19,NZL,Nouvelle-Zélande,False,True,False
2023,Océanie,SAMOA OCCIDENTALES,506,0,0,0,0,0,0,0,0,0,0,0,0,0,2.5,0,0,0,0,0,2.5,0,0,2.5,0,0,0,WSM,Samoa,False,False,False
2023,Océanie,TONGA,509,2.5,2.5,2.5,0,0,0,0,2.5,0,0,0,0,0,2.5,2.5,2.5,0,2.5,0,0,2.5,0,0,0,0,0,TON,Tonga,False,False,False
2023,Océanie,TUVALU,511,2.5,0,0,0,0,2.5,0,2.5,0,0,0,0,0,2.5,2.5,0,0,0,2.5,0,2.5,0,0,0,0,0,TUV,Tuvalu,False,False,False
2024,Afrique subsaharienne,ACORES,319,2.5,0,0,0,0,0,2.5,0,2.5,0,0,0,0,5,0,0,0,0,0,5,0,5,0,0,0,0,PRT,NA,NA,NA,NA
2024,Afrique subsaharienne,BENIN,327,7753,5517,766,92,600,76,702,1931,885,805,495,668,2969,8361,5859,843,98,632,83,846,2224,952,839,529,704,3113,BEN,Bénin,False,False,False
2024,Afrique subsaharienne,CAMEROUN,322,10158,3840,2835,235,1783,68,1397,3988,982,540,929,848,2871,12291,4977,3191,258,1904,86,1875,4994,1178,663,1051,981,3424,CMR,Cameroun,False,False,False
2024,Afrique subsaharienne,COTE D'IVOIRE,326,10101,5572,2453,136,558,113,1269,3522,1256,785,545,708,3285,12672,6938,2909,140,625,145,1915,4800,1483,934,692,863,3900,CIV,Côte dIvoire,False,False,False
2024,Afrique subsaharienne,ETHIOPIE,315,338,258,13,2.5,6,2.5,57,53,70,86,13,12,104,439,310,26,2.5,10,5,86,75,93,97,23,17,134,ETH,Ethiopie,False,False,False
2024,Afrique subsaharienne,GAMBIE,304,26,14,7,0,0,0,5,6,6,0,2.5,2.5,11,53,26,10,0,0,0,17,20,9,2.5,2.5,2.5,17,GMB,Gambie,False,False,False
2024,Afrique subsaharienne,GUINEE EQUATORIALE,314,50,37,2.5,0,2.5,2.5,9,13,7,8,2.5,7,13,85,59,6,2.5,2.5,2.5,15,27,12,14,2.5,8,20,GNQ,Guinée-Équatoriale,False,False,False
2024,Afrique subsaharienne,NIGERIA,338,992,540,200,2.5,16,30,203,248,156,82,56,58,392,1378,793,234,7,19,33,292,355,188,99,98,110,528,NGA,Nigéria,False,False,False
2024,Afrique subsaharienne,RWANDA,340,367,253,46,2.5,7,5,55,96,64,22,30,55,100,589,404,60,2.5,13,6,103,150,102,30,49,91,167,RWA,Rwanda,False,False,False
2024,Afrique subsaharienne,SENEGAL,341,16118,11748,1176,347,959,62,1826,4298,1802,1540,1305,1600,5573,17722,12571,1381,372,1044,69,2285,5025,1951,1622,1409,1697,6018,SEN,Sénégal,False,False,False
2024,Amérique,BARBADE,434,2.5,2.5,0,0,0,2.5,0,2.5,0,0,0,0,2.5,2.5,2.5,0,0,0,2.5,0,2.5,0,0,0,0,2.5,BRB,Barbade,False,False,False
2024,Amérique,BELIZE,429,2.5,0,2.5,0,2.5,2.5,0,2.5,0,0,0,0,0,2.5,0,2.5,0,2.5,2.5,0,2.5,0,0,0,0,0,BLZ,Belize,False,False,False
2024,Amérique,BOLIVIE,418,393,263,36,2.5,26,21,44,121,62,75,27,31,77,468,317,42,2.5,31,23,52,146,66,95,35,34,92,BOL,Bolivie,False,False,False
2024,Amérique,BRESIL,416,4800,2439,663,118,884,136,560,1762,840,383,249,541,1025,5737,3029,767,120,953,157,711,2131,943,464,283,574,1342,BRA,Brésil,False,False,False
2024,Amérique,COLOMBIE,419,3265,1956,543,61,238,124,343,1146,459,463,261,147,789,3752,2240,615,60,270,146,421,1373,514,508,281,163,913,COL,Colombie,False,True,False
2024,Amérique,GUATEMALA,409,189,110,29,2.5,5,11,31,62,36,26,9,9,47,253,145,44,2.5,5,16,40,84,42,35,22,9,61,GTM,Guatemala,False,False,False
2024,Amérique,HAITI,410,2179,1950,52,18,11,17,131,635,206,202,135,136,865,4334,3362,104,24,23,37,784,1176,250,247,187,178,2296,HTI,Haïti,False,False,False
2024,Amérique,HONDURAS,411,169,120,19,2.5,6,8,14,45,34,30,7,12,41,216,154,23,2.5,7,11,19,51,38,41,21,14,51,HND,Honduras,False,False,False
2024,Asie,AZERBAIDJAN,253,1036,965,33,0,0,8,30,84,27,48,711,18,148,1199,1093,40,2.5,2.5,9,54,106,46,63,746,24,214,AZE,Azerbaïdjan,True,False,False
2024,Asie,COREE DU NORD,238,111,13,25,0,0,39,34,77,2.5,2.5,8,5,16,137,15,26,0,0,58,38,83,17,2.5,8,6,19,PRK,Corée du Nord,False,False,False
2024,Asie,INDE,223,8398,1590,5331,2.5,187,207,1079,3924,984,537,374,636,1943,9093,1746,5724,8,206,216,1193,4426,1032,547,392,647,2049,IND,Inde,False,False,False
2024,Asie,IRAN,204,3255,2631,116,8,23,137,340,898,691,328,632,137,569,3640,2893,145,12,32,154,404,1029,745,355,664,167,680,IRN,Iran,False,False,False
2024,Asie,ISRAEL,207,171,75,33,0,2.5,33,28,113,10,11,15,2.5,18,210,100,39,0,2.5,37,32,128,13,14,25,8,22,ISR,Israël,False,True,False
2024,Asie,NEPAL,215,271,93,128,0,2.5,8,40,81,53,40,10,14,73,331,115,149,0,5,9,53,121,61,45,11,15,78,NPL,Népal,False,False,False
2024,Asie,PAKISTAN,213,1034,621,183,2.5,8,18,203,302,233,52,57,76,314,1497,901,212,2.5,11,19,351,617,250,64,88,109,369,PAK,Pakistan,False,False,False
2024,Asie,SINGAPOUR,226,272,50,113,0,15,6,88,185,29,23,6,2.5,25,303,55,132,0,16,10,90,204,35,23,9,2.5,28,SGP,Singapour,False,False,False
2024,Asie,VIETNAM,243,5107,3542,516,16,292,159,582,1529,695,490,170,250,1973,5606,3826,593,19,312,183,673,1781,738,521,197,263,2106,VNM,Viêt Nam,False,False,False
2024,Europe,BULGARIE,111,750,482,87,2.5,7,60,111,325,76,83,94,39,133,1135,730,123,2.5,15,67,196,458,114,116,129,54,264,BGR,Bulgarie,True,False,True
2024,Europe,ESPAGNE,134,6487,4175,911,40,308,199,854,2367,958,950,477,294,1441,13097,8579,1295,88,472,306,2357,3752,1629,2683,841,664,3528,ESP,Espagne,True,True,True
2024,Europe,ITALIE,127,13397,7806,3220,36,270,393,1672,7055,1714,909,756,529,2434,22042,13389,3964,125,504,537,3523,9198,3622,1814,1663,923,4822,ITA,Italie,True,True,True
2024,Europe,LETTONIE,107,178,68,53,0,2.5,20,35,89,21,20,8,10,30,239,98,56,2.5,5,27,51,107,31,28,16,10,47,LVA,Lettonie,True,True,True
2024,Europe,MONACO,138,155,99,12,2.5,2.5,9,30,43,9,2.5,2.5,5,93,285,156,39,2.5,10,23,56,75,28,9,5,9,159,MCO,Monaco,False,False,False
2024,Europe,ROYAUME-UNI,132,2014,1252,380,2.5,13,101,266,801,337,228,107,60,481,3435,2108,600,15,56,168,488,1107,497,433,152,109,1137,GBR,Royaume-Uni,True,True,False
2024,Europe,SAINT-MARIN,128,5,5,0,0,0,0,0,2.5,0,0,0,0,2.5,9,6,0,0,0,2.5,2.5,2.5,2.5,0,0,0,5,SMR,Saint-Marin,False,False,False
2024,Europe,SERBIE,121,334,222,35,0,2.5,18,58,182,28,26,27,14,57,641,417,56,2.5,10,22,134,340,61,31,79,23,107,SRB,Serbie,True,False,False
2024,Nationalite non connue,"AUTRE PAYS, ETRANGER SANS AUTRE INDICATION",999,2776,105,74,0,0,532,2065,1451,207,126,144,168,680,4512,156,89,0,0,889,3378,1991,369,259,253,271,1369,NA,NA,NA,NA,NA
2024,Océanie,SAMOA OCCIDENTALES,506,0,0,0,0,0,0,0,0,0,0,0,0,0,2.5,2.5,0,0,0,0,2.5,0,0,2.5,0,0,0,WSM,Samoa,False,False,False
2024,Océanie,TUVALU,511,2.5,0,0,0,0,2.5,0,2.5,0,0,0,0,0,2.5,2.5,0,0,0,2.5,0,2.5,0,0,0,0,0,TUV,Tuvalu,False,False,False
2024,Océanie,VANUATU,514,7,5,0,2.5,2.5,0,0,2.5,2.5,2.5,0,2.5,2.5,27,24,2.5,2.5,2.5,0,0,2.5,2.5,17,0,2.5,2.5,VUT,Vanuatu,False,False,False
2022,Afrique subsaharienne,AFRIQUE DU SUD,303,269,144,69,2.5,2.5,19,32,104,30,27,17,11,80,314,169,74,2.5,5,24,40,119,33,29,18,13,102,ZAF,Afrique du Sud,False,False,False
2022,Afrique subsaharienne,BOTSWANA,347,15,7,2.5,0,2.5,2.5,2.5,8,2.5,2.5,2.5,0,2.5,16,8,2.5,0,2.5,2.5,2.5,8,2.5,2.5,2.5,0,2.5,BWA,Botswana,False,False,False
2022,Afrique subsaharienne,BURKINA,331,2161,1548,179,66,143,16,209,503,397,227,139,181,714,2488,1714,248,68,160,22,276,649,439,253,156,200,791,BFA,Burkina Faso,False,False,False
2022,Afrique subsaharienne,CONGO,324,5161,3721,426,44,111,49,810,1434,556,376,417,475,1903,7483,5033,663,56,142,69,1520,2549,737,469,537,720,2471,COG,Congo,False,False,False
2022,Afrique subsaharienne,DJIBOUTI,399,634,533,29,2.5,9,2.5,56,101,74,89,32,92,246,760,606,48,6,14,5,81,129,90,97,44,106,294,DJI,Djibouti,False,False,False
2022,Afrique subsaharienne,GUINEE-BISSAO,392,29,24,2.5,0,0,0,2.5,8,2.5,2.5,2.5,2.5,10,90,54,7,0,2.5,0,27,45,7,2.5,2.5,7,24,GIN,Guinée-Bissau,False,False,False
2022,Afrique subsaharienne,MADAGASCAR,333,3837,2927,279,74,83,59,415,1245,447,434,172,146,1393,5061,3680,404,91,143,80,663,1681,577,540,272,191,1800,MDG,Madagascar,False,False,False
2022,Afrique subsaharienne,MALAWI,334,17,15,2.5,0,0,0,2.5,2.5,2.5,0,0,0,14,18,15,2.5,0,0,0,2.5,2.5,2.5,0,0,0,15,MWI,Malawi,False,False,False
2022,Afrique subsaharienne,NIGERIA,338,869,478,183,2.5,18,26,163,276,129,73,52,49,290,1142,660,207,2.5,21,29,222,343,149,83,83,80,404,NGA,Nigéria,False,False,False
2022,Afrique subsaharienne,SAO TOME-ET-PRINCIPE,394,14,14,0,0,0,0,0,0,5,0,2.5,0,8,20,16,0,0,2.5,0,2.5,2.5,6,2.5,2.5,0,8,STP,Sao Tomé-et-Principe,False,False,False
2022,Afrique subsaharienne,TANZANIE,309,58,26,11,0,0,2.5,20,13,8,15,2.5,2.5,15,63,28,11,0,0,2.5,22,15,8,15,2.5,2.5,18,TZA,Tanzanie,False,False,False
2022,Afrique subsaharienne,TCHAD,344,2679,2348,110,10,40,13,158,368,369,317,236,243,1146,2949,2522,135,12,50,17,213,442,404,328,266,261,1248,TCD,Tchad,False,False,False
2022,Amérique,ANTIGUA-ET-BARBUDA,441,9,5,2.5,0,0,0,0,2.5,2.5,0,2.5,2.5,0,11,6,5,0,0,0,0,2.5,2.5,0,2.5,2.5,2.5,ATG,Antigua-et-Barbuda,False,False,False
2022,Amérique,BOLIVIE,418,370,253,39,2.5,20,20,36,121,60,55,13,27,94,453,305,45,2.5,27,23,51,158,67,61,21,32,114,BOL,Bolivie,False,False,False
2022,Amérique,DOMINIQUE,438,43,38,2.5,2.5,0,0,2.5,10,7,6,2.5,2.5,15,124,102,2.5,2.5,2.5,0,18,20,13,13,7,5,66,DMA,Dominique,False,False,False
2022,Amérique,HAITI,410,2742,2503,46,13,11,14,155,783,216,233,166,158,1186,4887,3914,96,21,27,30,799,1330,251,288,219,201,2598,HTI,Haïti,False,False,False
2022,Amérique,MEXIQUE,405,2909,1767,562,9,125,119,327,983,370,325,260,158,813,3182,1904,629,11,140,137,361,1075,397,348,293,166,903,MEX,Mexique,False,True,False
2022,Amérique,PANAMA,413,64,37,13,0,2.5,2.5,9,21,12,14,2.5,2.5,12,74,43,17,0,2.5,2.5,9,21,13,16,2.5,5,15,PAN,Panama,False,False,False
2022,Amérique,REPUBLIQUE DOMINICAINE,408,122,44,32,0,2.5,2.5,40,21,7,24,5,2.5,63,179,66,36,2.5,2.5,8,65,31,13,34,6,2.5,92,DOM,République dominicaine,False,False,False
2022,Amérique,VENEZUELA,424,650,486,47,5,14,50,48,201,81,122,46,36,164,775,548,62,5,38,55,67,246,99,138,50,38,204,VEN,Venezuela,False,False,False
2022,Asie,AZERBAIDJAN,253,937,865,28,2.5,2.5,8,32,66,46,40,622,15,148,1063,966,35,2.5,2.5,10,48,87,58,48,645,23,202,AZE,Azerbaïdjan,True,False,False
2022,Asie,IRAK,203,241,199,8,2.5,5,7,19,46,43,13,22,29,88,582,440,15,7,12,11,97,109,92,26,78,54,223,IRQ,Irak,False,False,False
2022,Asie,LAOS,241,67,45,5,2.5,2.5,7,7,23,14,6,2.5,9,11,90,56,8,2.5,2.5,8,15,31,19,9,7,9,15,LAO,Laos,False,False,False
2022,Asie,MACAO,232,0,0,0,0,0,0,0,0,0,0,0,0,0,0,0,0,0,0,0,0,0,0,0,0,0,0,MAC,Macao (Chine),False,False,False
2022,Asie,QATAR,248,160,155,2.5,0,0,0,2.5,18,2.5,2.5,2.5,0,136,165,160,2.5,0,0,0,2.5,22,2.5,2.5,2.5,0,136,QAT,Qatar,False,False,False
2022,Asie,SYRIE,206,1398,1150,50,13,18,67,100,401,247,105,184,81,380,2432,1955,70,29,48,81,249,593,402,179,346,160,752,SYR,Syrie,False,False,False
2022,Asie,THAILANDE,219,422,212,115,0,8,25,62,167,65,45,29,14,102,551,266,139,0,9,31,106,217,82,51,35,21,145,THA,Thaïlande,False,False,False
2022,Asie,TURKMENISTAN,260,21,16,2.5,0,2.5,2.5,0,12,2.5,2.5,2.5,0,2.5,27,19,2.5,0,2.5,2.5,2.5,12,2.5,2.5,2.5,0,7,TKM,Turkménistan,False,False,False
2022,Europe,BOSNIE-HERZEGOVINE,118,78,60,5,0,0,2.5,12,30,8,9,2.5,11,16,215,146,9,0,2.5,2.5,57,45,55,11,54,15,35,BIH,Bosnie-Herzégovine,True,False,False
2022,Europe,FINLANDE,105,371,195,107,0,10,14,45,118,84,43,24,11,91,451,235,128,2.5,12,19,56,153,97,50,27,14,110,FIN,Finlande,True,True,True
2022,Europe,IRLANDE,136,851,543,168,2.5,11,32,94,243,140,113,121,19,215,1085,699,209,6,17,34,120,304,170,142,137,22,310,IRL,Irlande,True,True,True
2022,Europe,MONACO,138,182,121,18,2.5,2.5,7,31,50,11,9,2.5,5,104,325,189,47,7,10,20,52,89,26,20,5,8,177,MCO,Monaco,False,False,False
2022,Europe,MONTENEGRO,120,44,32,2.5,0,2.5,2.5,2.5,16,2.5,2.5,7,2.5,12,76,57,5,0,2.5,2.5,9,22,2.5,2.5,27,2.5,18,MNE,Monténégro,True,False,False
2022,Europe,SERBIE,121,363,240,36,0,0,15,72,188,33,34,35,11,62,631,414,49,2.5,7,19,141,323,57,42,83,18,108,SRB,Serbie,True,False,False
2022,Europe,VATICAN,129,5,0,0,0,0,0,5,2.5,2.5,0,0,0,0,5,0,0,0,0,0,5,2.5,2.5,0,0,0,0,VAT,Vatican,True,True,False
2022,Nationalite non connue,SANS NATIONALITE,995,7,5,0,0,0,0,2.5,2.5,2.5,2.5,2.5,0,2.5,12,10,0,0,0,0,2.5,2.5,5,2.5,2.5,0,2.5,NA,NA,NA,NA,NA
2022,Océanie,AUSTRALIE,501,305,181,42,0,2.5,22,59,155,75,13,11,7,44,368,207,60,0,2.5,28,69,181,86,17,13,10,61,AUS,Australie,False,True,False
2022,Océanie,ILES MARSHALL,515,27,0,0,0,20,0,7,0,0,0,0,25,2.5,30,0,2.5,0,20,0,9,0,0,0,0,25,5,MHL,Îles Marshall,False,False,False
2022,Océanie,ILES SALOMON,512,2.5,2.5,0,0,0,0,0,0,0,0,0,0,2.5,2.5,2.5,0,0,0,0,0,0,0,0,0,0,2.5,SLB,Îles Salomon,False,False,False
2022,Océanie,NAURU,507,0,0,0,0,0,0,0,0,0,0,0,0,0,0,0,0,0,0,0,0,0,0,0,0,0,0,NRU,Nauru,False,False,False
2022,Océanie,PAPOUASIE-NOUVELLE-GUINEE,510,2.5,0,2.5,0,0,0,2.5,2.5,2.5,0,0,0,0,2.5,0,2.5,0,0,0,2.5,2.5,2.5,0,0,0,0,PNG,Papouasie-Nouvelle-Guinée,False,False,False
2023,Afrique subsaharienne,BOTSWANA,347,12,6,2.5,0,0,2.5,2.5,7,2.5,2.5,0,0,2.5,13,7,2.5,0,0,2.5,2.5,7,2.5,2.5,0,0,2.5,BWA,Botswana,False,False,False
2023,Afrique subsaharienne,COMORES,397,1658,1373,50,13,18,11,193,533,147,131,50,68,729,4079,2731,77,14,24,13,1220,705,370,286,114,114,2490,COM,Comores,False,False,False
2023,Afrique subsaharienne,ERYTHREE,317,6,5,2.5,0,0,0,0,2.5,2.5,0,2.5,0,2.5,81,55,2.5,2.5,2.5,2.5,20,16,8,2.5,12,6,38,ERI,Erythrée,False,False,False
2023,Afrique subsaharienne,GAMBIE,304,21,14,6,0,0,0,2.5,5,5,0,2.5,2.5,9,44,23,11,0,0,0,10,17,9,2.5,2.5,2.5,13,GMB,Gambie,False,False,False
2023,Afrique subsaharienne,MADAGASCAR,333,4237,3109,361,82,86,85,514,1393,524,524,180,155,1461,5612,3923,528,97,149,113,802,1886,664,642,290,203,1927,MDG,Madagascar,False,False,False
2023,Afrique subsaharienne,MALI,335,2248,1695,252,34,73,11,183,768,200,186,144,191,759,2939,1990,344,37,93,16,459,1260,229,210,173,232,835,MLI,Mali,False,False,False
2023,Afrique subsaharienne,MOZAMBIQUE,393,122,73,20,2.5,2.5,2.5,24,25,26,20,8,0,43,130,79,21,2.5,2.5,2.5,24,28,27,21,10,0,44,MOZ,Mozambique,False,False,False
2023,Afrique subsaharienne,SENEGAL,341,15227,10995,1191,330,868,59,1784,4188,1650,1431,1150,1487,5321,16955,11769,1541,350,953,75,2267,5039,1813,1529,1236,1591,5747,SEN,Sénégal,False,False,False
2023,Afrique subsaharienne,SEYCHELLES,398,13,8,2.5,0,0,2.5,2.5,2.5,0,2.5,0,0,9,24,19,2.5,0,0,2.5,2.5,6,2.5,2.5,0,0,15,SYC,Seychelles,False,False,False
2023,Afrique subsaharienne,SOUDAN,343,227,193,2.5,0,0,2.5,27,63,31,16,8,37,72,393,317,7,2.5,2.5,10,57,106,61,20,15,55,136,SDN,Soudan,False,False,False
2023,Amérique,BOLIVIE,418,380,257,38,2.5,24,14,45,111,62,65,18,27,97,451,301,43,2.5,32,20,53,140,66,71,26,30,118,BOL,Bolivie,False,False,False
2023,Amérique,CUBA,407,126,105,2.5,0,2.5,2.5,16,38,12,25,9,2.5,38,178,146,5,0,2.5,2.5,22,53,14,30,14,6,61,CUB,Cuba,False,False,False
2023,Amérique,ETATS-UNIS,404,5879,2456,894,7,51,455,2016,3348,560,383,704,120,764,6943,2822,1093,11,72,516,2429,3838,678,416,843,152,1016,USA,Etats-Unis,False,True,False
2023,Amérique,PANAMA,413,74,47,9,0,2.5,2.5,13,25,8,13,2.5,5,20,81,50,13,0,2.5,2.5,13,25,8,17,2.5,5,23,PAN,Panama,False,False,False
2023,Amérique,SALVADOR,414,230,157,32,2.5,9,9,22,52,60,40,17,12,49,271,185,36,2.5,10,11,28,66,62,42,28,14,59,SLV,Salvador,False,False,False
2023,Asie,AZERBAIDJAN,253,943,884,23,2.5,2.5,9,25,78,32,39,630,14,150,1084,988,31,2.5,2.5,11,49,99,50,52,661,20,202,AZE,Azerbaïdjan,True,False,False
2023,Asie,BAHREIN,249,43,38,2.5,0,0,2.5,2.5,16,5,2.5,5,2.5,15,49,39,2.5,0,0,2.5,6,18,5,2.5,6,2.5,16,BHR,Bahreïn,False,False,False
2023,Asie,ISRAEL,207,184,87,27,0,2.5,36,32,120,14,8,17,5,20,230,116,33,0,2.5,42,37,140,17,8,26,11,28,ISR,Israël,False,True,False
2023,Asie,KAZAKHSTAN,256,549,367,75,2.5,9,27,69,172,80,53,97,27,120,667,437,93,2.5,11,33,91,203,90,59,116,35,164,KAZ,Kazakhstan,True,False,False
2023,Asie,MACAO,232,2.5,0,0,0,0,0,2.5,2.5,0,0,0,0,0,2.5,0,0,0,0,0,2.5,2.5,0,0,0,0,0,MAC,Macao (Chine),False,False,False
2023,Asie,PAKISTAN,213,652,426,92,0,2.5,12,119,180,110,36,50,61,215,1079,687,118,2.5,11,14,248,483,122,51,79,86,258,PAK,Pakistan,False,False,False
2023,Asie,PALESTINE,261,199,160,9,2.5,5,2.5,22,68,27,22,16,21,45,267,215,13,2.5,6,2.5,29,78,32,24,32,32,69,PSE,Territoires palestiniens,False,False,False
2023,Asie,THAILANDE,219,413,201,126,2.5,2.5,24,57,173,54,43,35,15,93,556,268,144,2.5,5,32,106,225,73,48,43,22,145,THA,Thaïlande,False,False,False
2023,Asie,TIMOR ORIENTAL,262,2.5,0,2.5,0,0,0,0,0,0,0,0,0,2.5,2.5,0,2.5,0,2.5,0,0,0,0,0,0,2.5,2.5,TLS,Timor oriental,False,False,False
2023,Europe,BIELORUSSIE,148,218,150,27,5,2.5,11,22,67,28,15,40,10,58,311,204,33,7,6,15,46,92,33,25,51,16,94,BLR,Biélorussie,True,False,False
2023,Europe,DANEMARK,101,276,134,76,0,2.5,22,40,148,47,24,18,2.5,37,349,169,92,2.5,5,31,51,177,53,33,23,9,54,DNK,Danemark,True,True,True
2023,Europe,HONGRIE,112,585,324,93,0,11,31,126,290,49,43,43,33,127,721,399,117,2.5,14,38,152,336,71,51,53,35,175,HUN,Hongrie,False,True,True
2023,Europe,KOSOVO,157,67,43,8,0,0,2.5,13,18,13,2.5,11,2.5,20,692,437,26,5,2.5,8,212,57,181,15,250,32,157,XKX,NA,NA,NA,NA
2023,Europe,LIECHTENSTEIN,113,2.5,2.5,2.5,0,0,0,0,2.5,0,0,0,0,0,2.5,2.5,2.5,0,0,0,0,2.5,0,0,0,0,0,LIE,Liechtenstein,True,False,False
2023,Europe,MACEDOINE,156,90,68,9,0,0,2.5,10,20,13,11,15,2.5,30,137,94,19,0,0,5,19,27,22,11,30,2.5,43,MKD,Macédoine du Nord,True,False,False
2023,Europe,NORVEGE,103,558,266,138,2.5,49,16,86,166,115,117,32,18,110,623,303,152,2.5,50,18,97,193,120,131,32,20,127,NOR,Norvège,True,True,False
2023,Europe,POLOGNE,122,1474,922,211,2.5,21,84,233,653,205,144,112,60,300,2426,1535,288,15,58,109,421,1116,302,223,174,97,514,POL,Pologne,True,True,True
2023,Europe,SAINT-MARIN,128,7,5,0,0,0,0,2.5,2.5,2.5,0,2.5,0,2.5,9,5,0,0,0,2.5,2.5,2.5,2.5,0,2.5,0,2.5,SMR,Saint-Marin,False,False,False
2023,Europe,VATICAN,129,12,0,2.5,0,0,0,11,2.5,11,0,0,0,0,12,0,2.5,0,0,0,11,2.5,11,0,0,0,0,VAT,Vatican,True,True,False
2023,Maghreb,ALGERIE,352,27489,23563,1588,164,377,336,1461,11748,2408,2140,1646,2159,7388,34269,28064,2230,213,517,417,2828,14905,3142,2675,2024,2714,8809,DZA,Algérie,False,False,False
2023,Nationalite non connue,SANS NATIONALITE,995,6,6,0,0,0,0,0,2.5,0,0,2.5,0,2.5,11,11,0,0,0,0,0,2.5,2.5,0,2.5,2.5,2.5,NA,NA,NA,NA,NA
2023,Océanie,AUSTRALIE,501,388,219,56,0,2.5,22,88,166,110,19,16,9,68,441,243,71,0,6,24,97,184,117,27,19,11,83,AUS,Australie,False,True,False
2023,Océanie,ILES MARSHALL,515,30,2.5,2.5,0,23,0,5,0,0,0,0,26,2.5,31,2.5,2.5,0,23,0,5,0,0,0,0,26,5,MHL,Îles Marshall,False,False,False
2023,Océanie,ILES SALOMON,512,0,0,0,0,0,0,0,0,0,0,0,0,0,0,0,0,0,0,0,0,0,0,0,0,0,0,SLB,Îles Salomon,False,False,False
2024,Afrique subsaharienne,ANGOLA,395,413,294,37,10,15,6,51,87,58,35,58,44,131,938,600,70,15,20,12,221,241,157,61,102,102,275,AGO,Angola,False,False,False
2024,Afrique subsaharienne,BOTSWANA,347,9,6,2.5,0,0,0,0,2.5,2.5,2.5,2.5,0,2.5,10,7,2.5,0,0,0,0,2.5,2.5,2.5,2.5,0,2.5,BWA,Botswana,False,False,False
2024,Afrique subsaharienne,DJIBOUTI,399,711,557,63,2.5,20,2.5,65,137,76,80,36,107,275,847,639,83,5,25,6,89,174,94,89,47,121,322,DJI,Djibouti,False,False,False
2024,Afrique subsaharienne,EGYPTE,301,2619,2082,189,22,51,71,204,1195,523,172,86,101,542,3256,2503,238,32,94,83,306,1580,570,191,161,129,625,EGY,Egypte,False,False,False
2024,Afrique subsaharienne,GHANA,329,473,329,57,0,16,6,65,87,89,47,34,38,178,547,371,65,0,17,6,88,114,100,51,40,43,199,GHA,Ghana,False,False,False
2024,Afrique subsaharienne,GUINEE,330,3310,2670,237,30,64,20,289,785,452,299,264,330,1180,4408,3322,306,38,88,27,627,1181,551,359,330,473,1514,GIN,Guinée,False,False,False
2024,Afrique subsaharienne,GUINEE-BISSAO,392,34,19,7,0,2.5,2.5,5,16,2.5,2.5,2.5,2.5,8,106,49,11,0,2.5,2.5,41,61,5,6,2.5,2.5,27,GIN,Guinée-Bissau,False,False,False
2024,Afrique subsaharienne,LESOTHO,348,8,5,0,0,0,2.5,2.5,2.5,2.5,2.5,0,2.5,2.5,11,7,0,0,0,2.5,2.5,2.5,2.5,2.5,0,2.5,6,LSO,Lesotho,False,False,False
2024,Afrique subsaharienne,LIBERIA,302,12,5,2.5,2.5,0,0,2.5,8,0,0,2.5,0,2.5,20,10,2.5,2.5,0,2.5,6,10,2.5,0,2.5,2.5,7,LBR,Liberia,False,False,False
2024,Afrique subsaharienne,NAMIBIE,311,11,2.5,2.5,0,0,2.5,2.5,7,2.5,0,2.5,0,0,11,2.5,2.5,0,0,2.5,2.5,7,2.5,0,2.5,0,0,NAM,Namibie,False,False,False
2024,Afrique subsaharienne,OUGANDA,339,69,41,10,0,2.5,2.5,15,18,12,8,2.5,7,20,87,53,10,0,2.5,2.5,20,18,17,11,9,8,24,UGA,Uganda,False,False,False
2024,Afrique subsaharienne,SWAZILAND,391,2.5,2.5,2.5,0,0,0,0,2.5,0,2.5,0,0,2.5,2.5,2.5,2.5,0,0,0,0,2.5,0,2.5,0,0,2.5,SWZ,Eswatini,False,False,False
2024,Afrique subsaharienne,TANZANIE,309,40,19,13,0,0,2.5,7,11,2.5,10,2.5,2.5,12,47,21,14,0,0,2.5,11,14,2.5,10,2.5,2.5,16,TZA,Tanzanie,False,False,False
2024,Afrique subsaharienne,TOGO,345,5259,3941,517,66,151,25,559,1100,546,529,465,525,2094,5862,4307,615,69,176,29,666,1311,610,581,532,571,2257,TGO,Togo,False,False,False
2024,Afrique subsaharienne,ZAMBIE,346,21,10,2.5,2.5,2.5,0,2.5,8,0,2.5,0,0,11,26,13,5,2.5,2.5,0,2.5,10,0,2.5,2.5,0,13,ZMB,Zambie,False,False,False
2024,Amérique,BAHAMAS,436,14,6,5,0,0,2.5,2.5,5,2.5,2.5,2.5,0,2.5,15,6,6,0,0,2.5,2.5,5,2.5,2.5,2.5,0,2.5,BHS,Bahamas,False,False,False
2024,Amérique,GRENADE,435,22,2.5,2.5,0,0,0,16,19,0,0,0,0,2.5,24,5,2.5,0,0,0,17,20,0,0,0,0,2.5,GRD,Grenade,False,False,False
2024,Amérique,GUYANA,428,9,5,0,0,0,0,2.5,2.5,2.5,0,2.5,0,2.5,69,46,2.5,2.5,0,2.5,20,11,2.5,7,6,2.5,40,GUY,Guyana,False,False,False
2024,Amérique,REPUBLIQUE DOMINICAINE,408,115,44,36,0,2.5,2.5,31,28,6,22,5,9,45,174,64,44,0,2.5,5,59,40,10,33,6,12,73,DOM,République dominicaine,False,False,False
2024,Amérique,SAINT-VINCENT-ET-LES-GRENADINES,440,2.5,2.5,0,0,0,0,0,2.5,2.5,0,0,2.5,0,2.5,2.5,0,0,0,0,0,2.5,2.5,0,0,2.5,0,VCT,Saint-Vincent-et-les-Grenadines,False,False,False
2024,Amérique,TRINITE-ET-TOBAGO,433,24,17,2.5,2.5,2.5,2.5,0,7,2.5,2.5,2.5,0,9,27,17,5,2.5,2.5,2.5,2.5,8,5,2.5,2.5,0,9,TTO,Trinité et Tobago,False,False,False
2024,Asie,AFGHANISTAN,212,712,641,14,0,2.5,12,42,148,130,41,69,87,237,1131,925,34,2.5,7,18,144,241,172,64,145,138,371,AFG,Afghanistan,False,False,False
2024,Asie,ARMENIE,252,1951,1830,41,2.5,0,22,57,142,1406,246,38,22,97,3105,2640,95,7,13,33,317,319,1585,381,267,88,465,ARM,Arménie,True,False,False
2024,Asie,BANGLADESH,246,373,244,24,2.5,2.5,9,93,147,50,37,23,27,89,757,475,38,7,21,11,205,426,61,56,37,39,138,BGD,Bangladesh,False,False,False
2024,Asie,JAPON,217,1448,851,167,2.5,41,209,178,634,204,111,114,56,329,1757,957,258,2.5,56,265,218,834,249,117,117,64,376,JPN,Japon,False,True,False
2024,Asie,MACAO,232,2.5,0,0,0,0,2.5,0,2.5,0,0,0,0,0,2.5,0,0,0,0,2.5,0,2.5,0,0,0,0,0,MAC,Macao (Chine),False,False,False
2024,Asie,PHILIPPINES,220,345,210,72,0,2.5,12,47,106,40,88,17,24,70,605,341,92,2.5,12,30,126,282,53,101,19,27,123,PHL,Philippines,False,False,False
2024,Asie,TADJIKISTAN,259,28,19,6,0,0,0,2.5,5,6,2.5,2.5,5,9,47,33,7,0,2.5,2.5,2.5,11,8,2.5,2.5,7,16,TJK,Tadjikistan,False,False,False
2024,Asie,THAILANDE,219,373,192,79,2.5,7,20,74,160,39,56,26,13,79,517,260,101,2.5,7,28,120,212,57,67,33,21,127,THA,Thaïlande,False,False,False
2024,Europe,ALBANIE,125,515,359,39,2.5,18,24,74,129,95,53,56,56,126,1420,936,88,2.5,36,37,319,214,316,138,238,104,410,ALB,Albanie,True,False,False
2024,Europe,ALLEMAGNE,109,6952,4442,1236,30,109,229,906,2833,863,459,852,281,1664,8267,5177,1505,39,156,285,1105,3351,990,559,1101,323,1943,DEU,Allemagne,True,True,True
2024,Europe,GRECE,126,3323,2872,122,7,17,78,227,1330,195,266,772,77,683,3603,3051,163,7,32,86,264,1458,233,290,797,93,732,GRC,Grèce,True,True,True
2024,Europe,IRLANDE,136,931,590,182,2.5,2.5,28,127,235,159,132,128,29,248,1185,743,245,2.5,13,35,148,320,196,155,139,34,341,IRL,Irlande,True,True,True
2024,Europe,LIECHTENSTEIN,113,2.5,0,2.5,0,0,0,2.5,2.5,0,0,0,0,0,5,2.5,2.5,0,0,0,2.5,5,0,0,0,0,0,LIE,Liechtenstein,True,False,False
2024,Europe,NORVEGE,103,590,275,141,0,47,26,101,191,121,124,29,19,106,675,310,173,0,48,30,114,231,128,137,30,23,126,NOR,Norvège,True,True,False
2024,Europe,PAYS-BAS,135,815,372,188,2.5,2.5,36,215,375,91,80,36,102,131,1555,843,271,8,38,62,333,560,192,183,79,170,371,NLD,Pays-Bas,True,True,True
2024,Europe,POLOGNE,122,1512,926,235,2.5,19,103,226,690,208,144,106,64,300,2541,1607,329,9,46,124,426,1182,302,222,182,110,543,POL,Pologne,True,True,True
2024,Europe,REPUBLIQUE TCHEQUE,116,514,349,48,2.5,11,15,90,194,84,38,43,12,143,635,419,62,2.5,17,20,116,238,102,47,56,19,173,CZE,République tchèque,True,True,True
2024,Europe,RUSSIE,123,3391,2116,578,7,44,253,393,1513,451,287,272,133,735,5530,3568,747,19,95,318,783,2104,669,472,595,212,1478,RUS,Russie,True,False,False
2024,Maghreb,LIBYE,316,106,75,19,2.5,0,2.5,9,42,5,14,9,11,25,227,164,27,2.5,2.5,2.5,28,74,23,18,20,17,75,LBY,Libye,False,False,False
2024,Maghreb,MAROC,350,35668,18488,6899,1993,4215,508,3565,10174,4802,3341,3224,3454,10673,42017,21272,8479,2089,4670,585,4922,12504,5427,4342,3617,4004,12123,MAR,Maroc,False,False,False
2024,Nationalite non connue,SANS NATIONALITE,995,2.5,2.5,0,0,0,0,0,0,2.5,0,2.5,0,2.5,9,9,0,0,0,0,0,0,6,0,2.5,2.5,2.5,NA,NA,NA,NA,NA
2024,Océanie,FIDJI,508,5,2.5,2.5,0,0,0,2.5,2.5,2.5,2.5,0,0,2.5,13,5,2.5,0,0,0,2.5,2.5,2.5,2.5,2.5,0,2.5,FJI,Fidji,False,False,False
2024,Océanie,ILES MARSHALL,515,30,0,2.5,0,23,0,6,0,0,0,0,27,2.5,31,0,2.5,0,23,0,6,0,0,0,0,27,2.5,MHL,Îles Marshall,False,False,False
2022,Afrique subsaharienne,ANGOLA,395,381,269,17,22,37,2.5,32,57,75,31,53,39,126,914,574,49,27,43,9,212,237,173,63,88,86,267,AGO,Angola,False,False,False
2022,Afrique subsaharienne,BENIN,327,5102,3773,382,50,429,47,421,1243,620,569,351,418,1901,5667,4043,520,52,449,55,548,1567,660,597,376,442,2025,BEN,Bénin,False,False,False
2022,Afrique subsaharienne,BURUNDI,321,1127,1007,19,8,19,2.5,70,111,103,233,83,178,419,1217,1062,27,8,22,6,92,129,113,246,96,191,442,BDI,Burundi,False,False,False
2022,Afrique subsaharienne,CAP-VERT,396,42,30,5,0,2.5,0,6,18,6,2.5,2.5,6,7,254,168,10,0,2.5,2.5,73,160,16,7,6,12,53,CPV,Cap Vert,False,False,False
2022,Afrique subsaharienne,EGYPTE,301,2400,1913,184,18,52,65,168,960,451,178,123,94,594,2930,2251,234,21,79,73,272,1278,482,197,200,116,657,EGY,Egypte,False,False,False
2022,Afrique subsaharienne,ETHIOPIE,315,268,200,17,2.5,2.5,2.5,41,28,52,63,17,17,91,324,241,17,6,8,5,47,39,59,67,22,20,117,ETH,Ethiopie,False,False,False
2022,Afrique subsaharienne,GUINEE EQUATORIALE,314,56,38,2.5,0,2.5,2.5,11,14,7,2.5,2.5,7,20,86,60,6,0,2.5,2.5,17,24,9,8,7,8,30,GNQ,Guinée-Équatoriale,False,False,False
2022,Afrique subsaharienne,KENYA,332,181,112,25,2.5,2.5,8,31,74,22,20,9,6,50,207,130,28,2.5,2.5,8,36,80,24,22,11,6,64,KEN,Kenya,False,False,False
2022,Afrique subsaharienne,LESOTHO,348,13,11,0,0,0,0,2.5,0,2.5,0,0,2.5,8,13,11,0,0,0,0,2.5,0,2.5,0,0,2.5,8,LSO,Lesotho,False,False,False
2022,Afrique subsaharienne,NIGER,337,1077,807,118,14,37,9,92,234,167,121,70,107,378,1199,879,138,15,43,10,114,276,186,135,77,115,410,NER,Niger,False,False,False
2022,Afrique subsaharienne,REP. DEM. CONGO,312,1593,1162,140,9,32,20,230,447,220,114,117,181,514,2882,1904,230,11,49,29,659,1042,376,160,190,307,807,COD,Congo (Rép. dém.),False,False,False
2022,Afrique subsaharienne,TOGO,345,4083,3288,286,60,94,17,338,786,419,450,368,405,1655,4645,3604,394,62,108,23,454,1011,477,499,426,449,1783,TGO,Togo,False,False,False
2022,Amérique,ARGENTINE,415,768,448,78,2.5,76,36,129,353,87,59,54,29,186,874,506,96,2.5,87,41,142,394,105,74,55,33,213,ARG,Argentine,False,False,False
2022,Amérique,BRESIL,416,4849,2716,388,97,990,149,509,1767,866,399,311,402,1104,5682,3296,451,100,1038,174,623,2053,948,481,346,438,1416,BRA,Brésil,False,False,False
2022,Amérique,COSTA RICA,406,217,146,24,2.5,6,5,35,78,36,38,13,20,32,242,160,30,2.5,6,5,40,89,37,39,16,23,38,CRI,Costa Rica,False,False,False
2022,Amérique,EQUATEUR,420,611,431,71,2.5,15,33,60,180,131,113,35,32,120,687,470,89,2.5,15,38,72,211,143,119,45,33,136,ECU,Equateur,False,False,False
2022,Amérique,GUATEMALA,409,165,99,20,2.5,6,11,26,47,33,27,9,7,42,211,124,31,2.5,6,16,31,60,41,29,17,9,55,GTM,Guatemala,False,False,False
2022,Amérique,JAMAIQUE,426,45,36,5,0,0,0,2.5,13,2.5,7,2.5,2.5,22,55,41,5,0,0,0,9,17,2.5,7,2.5,2.5,27,JAM,Jamaïque,False,False,False
2022,Amérique,PEROU,422,1055,686,176,6,32,45,110,418,119,107,88,63,260,1294,844,204,6,34,56,150,501,146,136,102,77,332,PER,Pérou,False,False,False
2022,Amérique,SAINTE-LUCIE,439,39,37,2.5,2.5,0,0,0,2.5,0,2.5,2.5,0,34,65,56,2.5,2.5,0,0,6,2.5,0,2.5,2.5,2.5,57,LCA,Sainte-Lucie,False,False,False
2022,Amérique,TRINITE-ET-TOBAGO,433,33,23,2.5,0,0,2.5,2.5,10,6,2.5,2.5,2.5,10,34,24,2.5,0,0,2.5,2.5,11,6,2.5,2.5,2.5,10,TTO,Trinité et Tobago,False,False,False
2022,Asie,ARMENIE,252,1246,1186,22,0,2.5,9,28,108,946,85,42,7,58,2245,1885,61,2.5,9,21,265,263,1094,214,252,72,350,ARM,Arménie,True,False,False
2022,Asie,BANGLADESH,246,326,243,28,0,2.5,6,47,109,36,24,31,22,104,618,430,37,6,9,7,129,324,46,32,47,26,143,BGD,Bangladesh,False,False,False
2022,Asie,BRUNEI,225,8,2.5,2.5,0,0,2.5,2.5,2.5,0,2.5,0,2.5,2.5,8,2.5,2.5,0,0,2.5,2.5,2.5,0,2.5,0,2.5,2.5,BRN,Brunei,False,False,False
2022,Asie,CAMBODGE,234,637,504,36,2.5,26,9,59,211,229,32,17,25,123,757,582,38,2.5,36,12,86,269,251,41,25,29,142,KHM,Cambodge,False,False,False
2022,Asie,COREE DU SUD,239,2362,1220,309,2.5,37,556,238,1256,372,135,122,56,421,2686,1381,366,2.5,48,615,273,1449,396,138,132,60,511,KOR,Corée du Sud,False,True,False
2022,Asie,EMIRATS ARABES UNIS,247,260,234,16,2.5,2.5,2.5,5,182,16,17,8,8,29,274,241,20,2.5,2.5,2.5,8,190,19,17,8,8,32,ARE,Emirats arabes unis,False,False,False
2022,Asie,GEORGIE,255,377,275,43,0,0,9,50,130,48,55,43,7,94,838,613,62,0,6,17,140,243,84,91,111,42,267,GEO,Géorgie,True,False,False
2022,Asie,INDONESIE,231,960,577,219,2.5,9,39,115,242,112,140,65,81,320,1019,610,231,2.5,12,42,123,266,119,142,67,84,341,IDN,Indonésie,False,False,False
2022,Asie,ISRAEL,207,188,103,24,0,2.5,32,27,123,10,9,22,7,17,231,130,33,0,2.5,36,30,144,15,10,29,9,24,ISR,Israël,False,True,False
2022,Asie,JORDANIE,222,170,121,18,2.5,5,2.5,21,52,27,27,13,8,43,195,140,22,2.5,5,2.5,23,65,34,27,16,8,45,JOR,Jordanie,False,False,False
2022,Asie,KAZAKHSTAN,256,526,353,67,2.5,7,25,70,152,81,56,102,19,116,621,412,84,2.5,9,28,84,183,86,63,114,24,151,KAZ,Kazakhstan,True,False,False
2022,Asie,KIRGHIZISTAN,257,86,73,2.5,0,2.5,2.5,8,21,19,6,2.5,2.5,34,122,93,12,0,2.5,2.5,11,29,25,7,9,6,46,KGZ,Kirghizistan,False,False,False
2022,Asie,KOWEIT,240,104,87,12,0,0,2.5,2.5,23,16,29,14,2.5,19,117,98,13,0,0,2.5,5,26,17,34,16,2.5,21,KWT,Koweït,False,False,False
2022,Asie,MONGOLIE,242,97,68,8,0,0,8,13,39,7,12,11,2.5,24,261,188,17,0,5,11,40,80,28,21,20,13,99,MNG,Mongolie,False,False,False
2022,Asie,OMAN,250,74,67,2.5,0,0,0,2.5,7,15,16,6,7,23,83,72,7,0,2.5,0,2.5,11,17,16,6,7,26,OMN,Oman,False,False,False
2022,Asie,OUZBEKISTAN,258,121,94,11,0,0,5,11,45,16,15,13,2.5,29,141,110,12,0,2.5,5,13,48,19,17,16,5,36,UZB,Ouzbékistan,False,False,False
2022,Asie,PAKISTAN,213,546,364,74,0,2.5,8,97,157,89,41,52,50,157,964,618,95,2.5,12,9,229,457,102,49,80,71,205,PAK,Pakistan,False,False,False
2022,Asie,SRI LANKA,235,188,90,35,0,17,11,35,79,16,9,11,2.5,69,1061,650,59,6,42,15,289,785,35,23,45,17,156,LKA,Sri Lanka,False,False,False
2022,Asie,TADJIKISTAN,259,22,15,2.5,0,0,0,5,2.5,6,2.5,2.5,0,8,35,24,2.5,0,2.5,0,8,8,10,2.5,2.5,2.5,10,TJK,Tadjikistan,False,False,False
2022,Asie,TIMOR ORIENTAL,262,2.5,2.5,2.5,0,0,0,0,0,0,0,0,2.5,2.5,2.5,2.5,2.5,0,0,0,0,0,0,0,0,2.5,2.5,TLS,Timor oriental,False,False,False
2022,Asie,YEMEN,251,216,180,9,8,5,6,8,33,53,24,25,17,64,255,206,11,9,5,11,13,46,57,31,27,22,72,YEM,Yémen,False,False,False
2022,Europe,BIELORUSSIE,148,218,148,28,6,5,15,16,70,31,18,23,7,69,293,199,34,8,6,21,25,89,41,27,27,11,98,BLR,Biélorussie,True,False,False
2022,Europe,ESTONIE,106,87,46,9,0,2.5,8,23,51,6,9,6,2.5,13,107,54,15,0,2.5,9,28,61,9,9,6,2.5,20,EST,Estonie,True,True,True
2022,Europe,HONGRIE,112,551,313,81,2.5,12,30,113,275,54,48,37,26,111,662,374,101,2.5,15,31,138,314,75,50,45,29,149,HUN,Hongrie,False,True,True
2022,Europe,LIECHTENSTEIN,113,2.5,2.5,2.5,0,0,0,0,2.5,0,0,2.5,0,0,2.5,2.5,2.5,0,0,0,0,2.5,0,0,2.5,0,2.5,LIE,Liechtenstein,True,False,False
2022,Europe,LUXEMBOURG,137,1448,1234,88,2.5,7,25,91,374,45,166,634,44,185,1792,1512,116,2.5,14,32,115,424,65,178,860,47,218,LUX,Luxembourg,True,True,True
2022,Maghreb,LIBYE,316,171,141,21,0,2.5,2.5,6,44,16,30,20,19,42,262,209,28,0,9,2.5,14,75,34,33,28,22,70,LBY,Libye,False,False,False
2022,Maghreb,MAROC,350,38479,21662,6368,1847,4257,625,3720,9786,5614,3584,3247,4100,12148,45165,24468,8055,1950,4776,698,5218,12136,6195,4730,3702,4655,13747,MAR,Maroc,False,False,False
2022,Nationalite non connue,"AUTRE PAYS, ETRANGER SANS AUTRE INDICATION",999,2456,27,116,0,34,394,1885,984,215,205,122,187,743,3988,41,222,0,67,445,3213,1312,385,355,221,296,1419,NA,NA,NA,NA,NA
2022,Océanie,MICRONESIE,516,0,0,0,0,0,0,0,0,0,0,0,0,0,2.5,2.5,0,0,0,0,0,0,0,2.5,0,0,0,FSM,Micronésie,False,False,False
2022,Océanie,SAMOA OCCIDENTALES,506,0,0,0,0,0,0,0,0,0,0,0,0,0,2.5,0,0,0,0,2.5,2.5,0,0,2.5,0,0,2.5,WSM,Samoa,False,False,False
2022,Océanie,TONGA,509,2.5,2.5,0,0,0,0,0,2.5,0,0,0,0,0,2.5,2.5,0,0,2.5,0,2.5,2.5,0,0,0,0,2.5,TON,Tonga,False,False,False
2022,Océanie,TUVALU,511,0,0,0,0,0,0,0,0,0,0,0,0,0,0,0,0,0,0,0,0,0,0,0,0,0,0,TUV,Tuvalu,False,False,False
2023,Afrique subsaharienne,BURUNDI,321,1134,996,29,9,20,7,73,131,104,226,76,155,442,1226,1059,37,9,23,8,90,154,113,238,92,163,466,BDI,Burundi,False,False,False
2023,Afrique subsaharienne,GHANA,329,455,329,58,0,12,2.5,52,88,57,55,33,38,184,511,356,66,0,12,2.5,73,112,67,58,39,40,195,GHA,Ghana,False,False,False
2023,Afrique subsaharienne,REP. DEM. CONGO,312,1731,1207,183,12,48,19,262,490,195,165,101,225,555,3138,1971,334,17,68,29,719,1136,369,207,171,369,886,COD,Congo (Rép. dém.),False,False,False
2023,Afrique subsaharienne,SIERRA LEONE,342,18,15,0,0,0,0,2.5,2.5,2.5,2.5,2.5,2.5,7,28,21,2.5,0,0,0,5,6,2.5,2.5,2.5,2.5,10,SLE,Sierra Leone,False,False,False
2023,Afrique subsaharienne,TOGO,345,4705,3589,438,66,134,17,461,957,488,508,424,472,1856,5424,3941,646,69,148,24,596,1277,555,568,492,518,2014,TGO,Togo,False,False,False
2023,Amérique,ARGENTINE,415,658,380,69,2.5,60,34,113,293,89,49,56,28,143,751,433,86,2.5,65,42,122,327,100,63,57,30,174,ARG,Argentine,False,False,False
2023,Amérique,COLOMBIE,419,3538,2171,596,62,221,134,354,1272,488,489,284,140,865,3979,2418,653,64,254,162,428,1473,537,526,304,151,988,COL,Colombie,False,True,False
2023,Amérique,GRENADE,435,16,2.5,2.5,0,0,0,9,13,0,0,0,0,2.5,21,2.5,2.5,0,0,0,14,18,0,0,0,0,2.5,GRD,Grenade,False,False,False
2023,Amérique,NICARAGUA,412,74,58,8,0,0,6,2.5,11,13,20,2.5,2.5,24,89,70,10,0,0,6,2.5,14,18,21,2.5,2.5,30,NIC,Nicaragua,False,False,False
2023,Amérique,PEROU,422,1028,641,195,5,27,55,105,423,124,98,63,61,259,1283,806,223,6,29,72,147,523,149,132,78,69,332,PER,Pérou,False,False,False
2023,Amérique,VENEZUELA,424,613,455,49,5,15,47,42,185,81,114,49,39,145,769,537,63,5,47,51,66,248,95,131,57,43,195,VEN,Venezuela,False,False,False
2023,Asie,AFGHANISTAN,212,654,559,24,0,6,11,54,139,141,34,54,77,209,1023,800,43,2.5,8,21,150,240,176,54,119,114,320,AFG,Afghanistan,False,False,False
2023,Asie,ARMENIE,252,1643,1556,24,2.5,2.5,18,43,111,1339,86,24,12,71,2738,2311,75,6,10,35,301,274,1518,189,241,73,443,ARM,Arménie,True,False,False
2023,Asie,BANGLADESH,246,350,247,28,2.5,2.5,10,63,139,38,19,24,19,111,689,456,36,8,11,11,167,390,46,35,36,25,157,BGD,Bangladesh,False,False,False
2023,Asie,BHOUTAN,214,2.5,2.5,2.5,0,0,0,0,2.5,2.5,0,0,0,0,7,2.5,2.5,0,0,0,2.5,5,2.5,0,0,0,2.5,BTN,Bhoutan,False,False,False
2023,Asie,CAMBODGE,234,495,370,32,2.5,26,7,57,172,151,39,13,25,95,607,437,36,2.5,39,10,81,230,171,47,21,27,111,KHM,Cambodge,False,False,False
2023,Asie,COREE DU NORD,238,106,7,19,0,2.5,46,33,60,18,2.5,8,0,19,115,9,19,0,2.5,48,38,65,20,2.5,8,0,21,PRK,Corée du Nord,False,False,False
2023,Asie,COREE DU SUD,239,2208,1155,264,2.5,44,504,239,1153,323,135,128,52,417,2518,1307,299,5,60,577,270,1329,344,141,142,57,505,KOR,Corée du Sud,False,True,False
2023,Asie,JORDANIE,222,181,124,23,2.5,6,2.5,25,62,26,25,10,12,46,213,147,27,2.5,6,2.5,30,76,33,25,12,16,51,JOR,Jordanie,False,False,False
2023,Asie,KIRGHIZISTAN,257,91,74,5,0,0,5,7,18,18,8,6,5,36,126,92,12,0,2.5,5,15,31,19,9,13,7,47,KGZ,Kirghizistan,False,False,False
2023,Asie,QATAR,248,225,216,5,0,0,0,2.5,24,2.5,2.5,2.5,2.5,194,231,220,6,0,0,2.5,2.5,26,2.5,2.5,2.5,2.5,196,QAT,Qatar,False,False,False
2023,Asie,YEMEN,251,187,153,8,5,10,5,6,30,47,20,22,13,55,236,193,10,6,10,5,12,39,53,27,29,19,69,YEM,Yémen,False,False,False
2023,Europe,ALLEMAGNE,109,6993,4450,1261,25,143,211,903,2933,851,465,865,240,1639,8244,5212,1408,44,192,275,1113,3328,960,571,1116,286,1983,DEU,Allemagne,True,True,True
2023,Europe,ANDORRE,130,289,223,5,0,15,5,41,29,19,209,2.5,2.5,28,329,248,8,2.5,16,8,48,36,26,225,5,2.5,35,AND,Andorre,True,False,False
2023,Europe,AUTRICHE,110,566,254,155,2.5,5,27,123,338,53,27,35,20,93,659,306,166,2.5,12,31,141,382,60,30,42,27,118,AUT,Autriche,True,True,True
2023,Europe,FINLANDE,105,337,162,109,0,2.5,18,44,123,65,43,25,9,72,416,206,123,0,6,24,57,153,76,52,30,11,94,FIN,Finlande,True,True,True
2023,Europe,IRLANDE,136,828,512,187,2.5,6,27,95,231,156,98,129,22,192,1058,674,218,2.5,12,30,120,296,189,123,142,25,283,IRL,Irlande,True,True,True
2023,Europe,SLOVAQUIE,117,284,183,27,2.5,2.5,13,57,117,30,20,34,15,68,359,239,32,2.5,2.5,15,68,140,43,25,47,20,84,SVK,Slovaquie,True,True,True
2023,Europe,SLOVENIE,145,108,48,27,0,2.5,10,22,55,7,5,10,10,21,122,58,29,0,2.5,10,23,58,9,5,11,11,28,SVN,Slovénie,True,True,True
2023,Océanie,MICRONESIE,516,0,0,0,0,0,0,0,0,0,0,0,0,0,2.5,2.5,0,0,0,0,0,0,0,2.5,0,0,0,FSM,Micronésie,False,False,False
2024,Afrique subsaharienne,BURKINA,331,1980,1360,214,49,139,14,204,493,332,164,113,184,694,2255,1518,249,55,152,19,262,599,360,188,130,199,779,BFA,Burkina Faso,False,False,False
2024,Afrique subsaharienne,CAP-VERT,396,43,30,5,2.5,0,0,6,14,7,2.5,5,6,7,252,150,17,2.5,0,2.5,82,158,21,6,6,16,45,CPV,Cap Vert,False,False,False
2024,Afrique subsaharienne,GABON,328,4579,2719,711,66,288,41,754,926,583,615,289,484,1682,5761,3378,879,72,335,51,1046,1246,738,732,378,576,2091,GAB,Gabon,False,False,False
2024,Afrique subsaharienne,KENYA,332,213,149,22,0,5,2.5,34,65,37,28,17,6,60,246,169,26,0,6,2.5,42,74,38,31,17,7,79,KEN,Kenya,False,False,False
2024,Afrique subsaharienne,MADAGASCAR,333,4818,3580,388,78,97,100,575,1566,566,562,210,174,1740,6324,4526,548,94,163,125,868,2074,727,712,339,226,2246,MDG,Madagascar,False,False,False
2024,Afrique subsaharienne,MALAWI,334,18,12,2.5,0,0,2.5,2.5,5,2.5,0,0,2.5,8,19,13,2.5,0,0,2.5,2.5,5,2.5,0,0,2.5,9,MWI,Malawi,False,False,False
2024,Afrique subsaharienne,TCHAD,344,2544,2141,157,23,58,10,155,421,363,309,207,198,1046,2841,2328,183,27,70,14,219,512,396,329,230,213,1161,TCD,Tchad,False,False,False
2024,Amérique,CANADA,401,1980,1178,341,11,37,110,303,806,420,158,147,65,384,2352,1356,446,12,58,121,359,1013,466,174,163,80,456,CAN,Canada,False,True,False
2024,Amérique,CUBA,407,136,108,2.5,0,2.5,5,18,43,25,12,12,6,38,189,149,8,0,2.5,5,26,55,27,24,17,11,55,CUB,Cuba,False,False,False
2024,Amérique,SAINTE-LUCIE,439,25,24,0,2.5,0,0,0,0,0,0,0,0,25,51,40,0,2.5,0,2.5,9,2.5,0,2.5,0,0,49,LCA,Sainte-Lucie,False,False,False
2024,Amérique,URUGUAY,423,113,59,15,2.5,22,2.5,13,44,8,14,6,9,32,123,64,17,2.5,23,2.5,14,46,10,16,7,11,33,URY,Uruguay,False,False,False
2024,Asie,ARABIE SAOUDITE,201,529,397,74,0,2.5,8,48,150,74,44,52,37,172,595,435,92,0,2.5,8,56,178,80,47,54,38,198,SAU,Arabie Saoudite,False,False,False
2024,Asie,BAHREIN,249,49,41,5,0,0,0,2.5,19,7,5,2.5,2.5,13,51,43,5,0,0,0,2.5,19,7,6,5,2.5,13,BHR,Bahreïn,False,False,False
2024,Asie,BHOUTAN,214,5,2.5,2.5,0,0,0,0,2.5,0,0,0,0,2.5,9,6,2.5,0,0,0,2.5,5,0,0,0,0,2.5,BTN,Bhoutan,False,False,False
2024,Asie,BIRMANIE,224,75,41,19,0,0,7,8,25,9,11,2.5,2.5,22,86,47,22,0,0,9,8,31,10,11,5,2.5,25,MMR,Birmanie,False,False,False
2024,Asie,BRUNEI,225,8,2.5,2.5,0,0,2.5,0,2.5,0,2.5,2.5,0,2.5,10,5,2.5,0,0,2.5,0,2.5,0,2.5,2.5,2.5,2.5,BRN,Brunei,False,False,False
2024,Asie,GEORGIE,255,536,334,100,0,2.5,33,66,202,55,60,44,25,150,1171,791,132,0,9,48,191,362,133,116,127,54,379,GEO,Géorgie,True,False,False
2024,Asie,IRAK,203,200,166,2.5,2.5,2.5,5,23,48,39,10,24,17,62,666,480,9,2.5,14,12,147,112,114,31,105,60,244,IRQ,Irak,False,False,False
2024,Asie,KIRGHIZISTAN,257,99,77,13,0,0,5,2.5,22,24,8,2.5,2.5,39,128,96,17,0,0,5,10,27,25,8,11,5,52,KGZ,Kirghizistan,False,False,False
2024,Asie,KOWEIT,240,91,80,7,0,0,2.5,2.5,18,14,19,12,2.5,25,103,87,9,0,0,2.5,6,24,14,24,12,2.5,25,KWT,Koweït,False,False,False
2024,Asie,LAOS,241,62,47,2.5,2.5,0,2.5,8,16,9,12,2.5,2.5,22,78,57,2.5,2.5,2.5,2.5,11,18,13,16,2.5,2.5,25,LAO,Laos,False,False,False
2024,Asie,MALAISIE,227,679,339,96,30,136,9,69,84,82,169,66,56,222,704,351,102,30,139,12,70,94,85,172,67,56,230,MYS,Malaisie,False,False,False
2024,Asie,MALDIVES,229,14,12,2.5,0,0,0,2.5,2.5,0,12,0,0,0,15,13,2.5,0,0,0,2.5,2.5,2.5,12,0,0,0,MDV,Maldives,False,False,False
2024,Asie,MONGOLIE,242,116,76,19,0,0,14,7,50,11,11,7,7,30,267,181,26,0,2.5,19,38,84,21,23,16,17,106,MNG,Mongolie,False,False,False
2024,Asie,PALESTINE,261,237,194,5,0,2.5,2.5,31,97,37,29,19,21,34,311,260,9,0,2.5,2.5,34,105,40,37,35,33,61,PSE,Territoires palestiniens,False,False,False
2024,Asie,QATAR,248,245,233,7,0,0,0,5,30,2.5,2.5,2.5,2.5,205,249,235,7,0,0,2.5,6,33,2.5,2.5,2.5,5,205,QAT,Qatar,False,False,False
2024,Asie,SYRIE,206,1156,973,36,12,16,32,87,296,203,83,158,59,357,2515,2036,63,29,50,50,287,496,423,179,397,168,852,SYR,Syrie,False,False,False
2024,Asie,YEMEN,251,169,134,7,5,10,2.5,9,37,34,20,20,12,46,216,176,7,6,10,2.5,13,45,38,26,27,18,62,YEM,Yémen,False,False,False
2024,Europe,ANDORRE,130,277,220,8,2.5,15,2.5,29,31,12,202,2.5,2.5,28,321,245,13,2.5,18,5,38,37,18,221,6,2.5,38,AND,Andorre,True,False,False
2024,Europe,BIELORUSSIE,148,219,163,19,2.5,2.5,13,19,67,35,16,29,10,62,317,225,27,2.5,7,18,38,97,43,30,35,14,98,BLR,Biélorussie,True,False,False
2024,Europe,FINLANDE,105,339,152,104,0,2.5,17,64,132,69,42,13,17,66,415,194,122,0,2.5,22,74,162,81,46,18,19,89,FIN,Finlande,True,True,True
2024,Europe,HONGRIE,112,643,333,113,2.5,6,39,148,283,87,55,44,32,142,811,435,139,5,14,44,174,346,109,75,57,36,188,HUN,Hongrie,False,True,True
2024,Europe,KOSOVO,157,58,33,2.5,0,0,2.5,19,16,15,2.5,6,2.5,17,663,431,21,2.5,2.5,7,199,54,185,13,219,29,163,XKX,NA,NA,NA,NA
2024,Europe,LUXEMBOURG,137,1604,1318,123,2.5,14,45,100,433,66,199,663,54,189,2032,1664,172,5,19,49,123,517,87,209,941,64,214,LUX,Luxembourg,True,True,True
2024,Europe,MACEDOINE,156,84,70,8,0,0,2.5,5,20,9,11,12,2.5,31,134,101,13,0,2.5,2.5,17,29,19,12,25,6,43,MKD,Macédoine du Nord,True,False,False
2024,Europe,MALTE,144,36,16,5,0,0,8,7,18,2.5,2.5,2.5,2.5,7,42,18,7,0,2.5,8,7,22,2.5,2.5,2.5,2.5,9,MLT,Malte,True,False,True
2024,Europe,ROUMANIE,114,2673,2067,144,6,33,90,333,1413,299,227,206,90,438,5163,3777,299,24,98,161,804,2715,485,367,328,174,1094,ROU,Roumanie,True,False,True
2024,Europe,SLOVAQUIE,117,320,207,40,2.5,2.5,11,60,140,41,19,35,18,67,404,266,47,2.5,5,13,72,177,51,24,48,22,82,SVK,Slovaquie,True,True,True
2024,Europe,SLOVENIE,145,100,49,20,0,2.5,9,21,55,11,5,2.5,2.5,23,118,56,27,0,2.5,10,23,64,14,6,5,2.5,26,SVN,Slovénie,True,True,True
2024,Océanie,KIRIBATI,513,2.5,2.5,0,0,0,0,0,2.5,0,0,0,0,0,2.5,2.5,2.5,0,0,0,0,2.5,0,0,0,0,2.5,KIR,Kiribati,False,False,False
2024,Océanie,NOUVELLE ZELANDE,502,61,40,7,0,0,2.5,11,31,14,5,2.5,2.5,8,72,47,8,0,0,2.5,14,33,17,7,2.5,2.5,11,NZL,Nouvelle-Zélande,False,True,False
2022,Afrique subsaharienne,GABON,328,4481,3033,526,69,234,22,597,762,597,572,305,465,1780,5656,3667,746,74,261,36,872,1071,760,690,383,576,2176,GAB,Gabon,False,False,False
2022,Afrique subsaharienne,GAMBIE,304,12,7,2.5,0,0,0,2.5,2.5,2.5,0,0,2.5,5,29,16,2.5,0,0,0,10,16,6,0,0,2.5,5,GMB,Gambie,False,False,False
2022,Afrique subsaharienne,SENEGAL,341,13649,9942,1062,312,794,69,1470,3826,1547,1263,999,1269,4745,15251,10735,1312,338,870,77,1919,4553,1706,1348,1075,1371,5198,SEN,Sénégal,False,False,False
2022,Afrique subsaharienne,SEYCHELLES,398,17,12,2.5,0,0,2.5,2.5,2.5,0,2.5,0,0,13,25,18,2.5,0,0,2.5,2.5,6,0,2.5,2.5,0,17,SYC,Seychelles,False,False,False
2022,Afrique subsaharienne,SIERRA LEONE,342,12,7,2.5,0,2.5,0,2.5,2.5,2.5,2.5,0,2.5,2.5,26,14,2.5,0,2.5,0,9,7,2.5,2.5,2.5,2.5,9,SLE,Sierra Leone,False,False,False
2022,Afrique subsaharienne,SOUDAN,343,237,218,2.5,0,0,2.5,13,68,27,14,9,33,86,360,314,2.5,2.5,2.5,9,30,97,48,19,14,47,135,SDN,Soudan,False,False,False
2022,Amérique,BARBADE,434,2.5,2.5,0,0,0,0,2.5,2.5,0,0,0,0,2.5,2.5,2.5,0,0,0,0,2.5,2.5,0,2.5,0,0,2.5,BRB,Barbade,False,False,False
2022,Amérique,CHILI,417,827,508,90,2.5,74,41,113,327,129,95,45,41,190,934,567,107,2.5,77,52,129,357,152,105,47,46,227,CHL,Chili,False,True,False
2022,Amérique,CUBA,407,144,122,2.5,0,2.5,5,13,48,14,27,9,7,39,191,160,5,0,2.5,5,18,65,15,31,16,8,56,CUB,Cuba,False,False,False
2022,Amérique,ETATS-UNIS,404,5855,2506,853,12,83,477,1924,3231,558,370,740,107,849,6754,2825,1062,15,114,521,2217,3602,679,404,850,139,1080,USA,Etats-Unis,False,True,False
2022,Amérique,GRENADE,435,14,6,0,0,0,0,8,10,0,0,0,0,2.5,19,6,0,0,0,0,13,15,0,0,0,0,2.5,GRD,Grenade,False,False,False
2022,Amérique,GUYANA,428,7,6,0,0,0,2.5,0,2.5,0,0,0,0,2.5,71,55,0,2.5,0,2.5,14,11,2.5,5,8,2.5,42,GUY,Guyana,False,False,False
2022,Amérique,NICARAGUA,412,83,65,9,2.5,0,5,2.5,21,14,23,2.5,2.5,19,95,75,10,2.5,0,5,2.5,24,17,24,2.5,5,23,NIC,Nicaragua,False,False,False
2022,Amérique,SURINAME,437,2.5,2.5,0,0,0,0,2.5,0,0,0,0,0,2.5,170,112,0,0,0,2.5,57,2.5,2.5,2.5,9,6,147,SUR,Suriname,False,False,False
2022,Amérique,URUGUAY,423,114,61,9,0,17,9,18,52,10,15,10,8,19,127,70,10,0,17,10,20,55,11,18,11,10,22,URY,Uruguay,False,False,False
2022,Asie,AFGHANISTAN,212,503,426,22,0,6,7,42,147,96,40,32,53,135,834,635,37,2.5,9,13,137,237,126,54,90,83,244,AFG,Afghanistan,False,False,False
2022,Asie,BAHREIN,249,67,59,2.5,0,0,2.5,2.5,12,5,2.5,2.5,2.5,44,75,62,2.5,0,0,2.5,7,16,5,2.5,2.5,2.5,46,BHR,Bahreïn,False,False,False
2022,Asie,BIRMANIE,224,70,40,11,0,0,10,9,21,14,10,8,2.5,15,78,46,12,0,0,11,9,23,14,11,9,2.5,19,MMR,Birmanie,False,False,False
2022,Asie,COREE DU NORD,238,108,6,31,0,0,30,41,76,2.5,2.5,12,0,17,135,6,34,0,0,47,48,85,18,2.5,13,0,18,PRK,Corée du Nord,False,False,False
2022,Asie,IRAN,204,2356,1824,89,5,21,96,321,722,411,195,452,95,481,2671,2049,104,8,27,108,375,853,435,216,486,112,569,IRN,Iran,False,False,False
2022,Asie,MALAISIE,227,694,394,100,40,93,9,58,86,82,178,48,46,254,730,410,108,44,95,10,63,95,86,190,50,47,262,MYS,Malaisie,False,False,False
2022,Asie,MALDIVES,229,11,7,2.5,0,0,2.5,0,2.5,2.5,7,0,0,0,14,10,2.5,0,0,2.5,0,2.5,2.5,7,0,0,0,MDV,Maldives,False,False,False
2022,Asie,PALESTINE,261,198,166,10,0,2.5,2.5,16,75,25,23,14,16,45,262,217,12,0,5,2.5,26,86,32,26,28,24,66,PSE,Territoires palestiniens,False,False,False
2022,Asie,PHILIPPINES,220,395,204,120,0,0,13,58,146,47,64,13,25,100,631,325,136,6,2.5,19,141,296,53,76,14,29,163,PHL,Philippines,False,False,False
2022,Asie,TURQUIE,208,2979,2303,175,6,74,140,281,1189,374,306,375,114,621,4733,3366,262,15,112,175,803,1798,573,382,621,205,1154,TUR,Turquie,True,True,False
2022,Europe,AUTRICHE,110,570,284,129,2.5,2.5,27,125,308,65,33,32,15,117,669,337,150,2.5,9,32,138,363,75,39,36,19,137,AUT,Autriche,True,True,True
2022,Europe,ESPAGNE,134,6930,4580,805,46,360,225,914,2453,902,1102,532,269,1672,11594,7702,1057,93,498,305,1939,3414,1361,2352,791,518,3158,ESP,Espagne,True,True,True
2022,Europe,KOSOVO,157,68,42,9,0,2.5,2.5,15,19,14,2.5,13,5,16,663,431,23,2.5,2.5,2.5,199,54,164,15,253,32,145,XKX,NA,NA,NA,NA
2022,Europe,NORVEGE,103,556,263,135,2.5,47,29,81,163,120,120,26,15,112,622,302,154,2.5,48,31,86,188,129,132,26,17,130,NOR,Norvège,True,True,False
2022,Europe,POLOGNE,122,1420,887,206,2.5,24,80,219,628,208,161,85,65,273,2340,1519,261,15,60,100,385,1092,294,224,133,114,483,POL,Pologne,True,True,True
2022,Europe,REPUBLIQUE TCHEQUE,116,502,340,43,5,13,15,86,181,90,41,34,19,137,624,414,58,5,20,22,105,221,106,50,46,27,174,CZE,République tchèque,True,True,True
2022,Europe,SUEDE,104,700,283,201,6,19,67,124,334,139,57,43,7,120,856,356,235,8,23,82,152,405,153,71,48,15,164,SWE,Suède,True,True,True
2022,Océanie,KIRIBATI,513,0,0,0,0,0,0,0,0,0,0,0,0,0,2.5,0,2.5,0,0,0,0,0,0,0,0,0,2.5,KIR,Kiribati,False,False,False
2022,Océanie,REP. DES ILES PALAOS,517,2.5,0,2.5,0,0,0,0,0,0,0,0,0,2.5,2.5,0,2.5,0,0,0,0,0,0,0,0,0,2.5,PLW,Palaos,False,False,False
2022,Océanie,VANUATU,514,8,2.5,2.5,2.5,2.5,0,0,2.5,2.5,2.5,2.5,0,2.5,21,11,2.5,2.5,2.5,0,2.5,2.5,2.5,2.5,2.5,2.5,6,VUT,Vanuatu,False,False,False
2023,Afrique subsaharienne,BENIN,327,6291,4552,555,70,521,57,536,1615,734,653,390,520,2379,7003,4850,760,71,546,75,701,2034,799,686,414,558,2512,BEN,Bénin,False,False,False
2023,Afrique subsaharienne,CONGO,324,5914,4080,709,45,118,41,921,1796,645,364,466,521,2122,8307,5396,1030,57,152,70,1602,2964,860,454,590,723,2716,COG,Congo,False,False,False
2023,Afrique subsaharienne,GABON,328,4558,2836,625,69,245,35,748,858,576,594,309,442,1779,5813,3482,862,74,291,52,1052,1192,743,728,384,564,2202,GAB,Gabon,False,False,False
2023,Afrique subsaharienne,GUINEE-BISSAO,392,31,22,2.5,0,2.5,0,2.5,16,2.5,2.5,2.5,0,8,93,50,10,0,2.5,0,30,51,11,2.5,2.5,2.5,23,GIN,Guinée-Bissau,False,False,False
2023,Afrique subsaharienne,LESOTHO,348,6,2.5,0,0,0,2.5,2.5,0,2.5,0,0,2.5,2.5,8,6,0,0,0,2.5,2.5,0,2.5,0,0,2.5,2.5,LSO,Lesotho,False,False,False
2023,Afrique subsaharienne,NAMIBIE,311,7,2.5,2.5,0,0,2.5,2.5,5,2.5,0,0,0,0,9,2.5,2.5,0,0,2.5,2.5,5,2.5,0,0,0,2.5,NAM,Namibie,False,False,False
2023,Afrique subsaharienne,SOMALIE,318,35,31,0,2.5,0,0,2.5,7,2.5,2.5,5,2.5,18,123,89,2.5,2.5,0,2.5,30,24,8,10,13,7,61,SOM,Somalie,False,False,False
2023,Afrique subsaharienne,SWAZILAND,391,5,2.5,2.5,0,0,0,0,0,2.5,2.5,0,0,2.5,6,2.5,2.5,0,0,0,2.5,2.5,2.5,2.5,0,0,2.5,SWZ,Eswatini,False,False,False
2023,Afrique subsaharienne,TCHAD,344,2557,2210,113,14,49,14,157,381,326,332,246,202,1070,2849,2388,152,17,60,16,216,474,357,352,271,218,1177,TCD,Tchad,False,False,False
2023,Afrique subsaharienne,ZAMBIE,346,20,12,2.5,2.5,2.5,0,2.5,2.5,2.5,2.5,2.5,2.5,10,23,15,2.5,2.5,2.5,0,2.5,2.5,2.5,2.5,2.5,2.5,13,ZMB,Zambie,False,False,False
2023,Amérique,BARBADE,434,2.5,2.5,2.5,0,0,0,0,2.5,0,0,0,0,2.5,2.5,2.5,2.5,0,0,0,2.5,2.5,0,2.5,0,0,2.5,BRB,Barbade,False,False,False
2023,Amérique,CHILI,417,832,517,87,2.5,69,40,118,293,126,107,46,45,215,941,574,103,2.5,77,52,133,324,150,119,48,54,246,CHL,Chili,False,True,False
2023,Amérique,EQUATEUR,420,619,430,71,2.5,15,31,68,170,123,115,37,39,135,702,479,83,2.5,15,46,75,208,134,122,49,42,147,ECU,Equateur,False,False,False
2023,Amérique,GUYANA,428,11,6,2.5,0,0,2.5,2.5,6,0,0,2.5,0,2.5,63,40,2.5,0,0,2.5,17,12,0,5,5,2.5,39,GUY,Guyana,False,False,False
2023,Amérique,HONDURAS,411,159,115,13,2.5,5,9,16,34,30,30,8,7,50,199,144,17,2.5,2.5,11,22,42,33,36,22,9,57,HND,Honduras,False,False,False
2023,Amérique,PARAGUAY,421,70,50,6,0,2.5,2.5,9,20,7,20,5,0,18,92,60,8,0,5,2.5,16,34,9,21,7,0,21,PRY,Paraguay,False,False,False
2023,Asie,GEORGIE,255,468,329,67,0,0,20,52,173,52,62,39,17,125,1015,723,90,0,7,32,163,312,101,114,126,42,320,GEO,Géorgie,True,False,False
2023,Asie,INDONESIE,231,960,555,268,2.5,6,36,94,277,114,120,62,79,308,1036,588,284,2.5,13,44,106,301,123,127,67,81,337,IDN,Indonésie,False,False,False
2023,Asie,IRAN,204,2707,2125,111,7,24,120,320,775,498,275,485,112,562,3032,2345,133,10,30,142,372,908,524,296,519,137,648,IRN,Iran,False,False,False
2023,Asie,MALAISIE,227,658,354,79,34,126,9,56,83,81,179,60,49,206,697,380,84,34,130,11,58,90,87,194,62,50,214,MYS,Malaisie,False,False,False
2023,Asie,MALDIVES,229,9,8,2.5,0,0,0,0,0,2.5,8,0,0,0,11,10,2.5,0,0,0,0,0,2.5,8,0,0,0,MDV,Maldives,False,False,False
2023,Asie,SINGAPOUR,226,280,50,128,0,12,5,85,207,19,18,6,2.5,27,307,55,142,0,16,7,87,219,26,18,8,2.5,33,SGP,Singapour,False,False,False
2023,Asie,TADJIKISTAN,259,22,17,2.5,0,0,2.5,2.5,7,6,2.5,0,2.5,2.5,42,30,2.5,0,2.5,2.5,5,12,13,2.5,2.5,7,8,TJK,Tadjikistan,False,False,False
2023,Asie,TAIWAN,236,1084,402,430,0,5,126,121,467,215,31,72,60,239,1158,430,447,0,7,144,130,508,224,32,72,62,260,TWN,Taïwan,False,False,False
2023,Europe,BULGARIE,111,668,463,70,2.5,5,42,86,286,89,72,82,30,109,1034,694,94,2.5,12,52,178,419,127,101,115,43,229,BGR,Bulgarie,True,False,True
2023,Europe,GRECE,126,3173,2760,134,2.5,24,65,188,1259,200,254,731,72,657,3408,2922,155,2.5,32,80,217,1365,227,273,754,86,703,GRC,Grèce,True,True,True
2023,Europe,LETTONIE,107,135,60,34,0,2.5,13,26,67,15,11,8,10,24,194,87,41,2.5,6,18,41,88,23,20,12,11,40,LVA,Lettonie,True,True,True
2023,Europe,LITUANIE,108,269,128,42,2.5,2.5,24,73,140,35,20,22,12,40,336,166,55,2.5,2.5,31,81,160,42,26,27,16,65,LTU,Lituanie,True,True,True
2023,Europe,MONTENEGRO,120,41,32,2.5,0,0,2.5,6,12,8,5,9,2.5,6,68,52,2.5,0,0,2.5,12,18,8,5,26,2.5,10,MNE,Monténégro,True,False,False
2023,Europe,REPUBLIQUE TCHEQUE,116,487,323,51,2.5,9,19,83,195,71,31,33,17,140,612,399,65,2.5,16,26,104,241,87,40,41,24,179,CZE,République tchèque,True,True,True
2023,Europe,ROUMANIE,114,2518,1967,130,8,30,84,299,1258,259,230,236,81,454,4716,3508,248,26,86,139,709,2431,425,364,336,152,1008,ROU,Roumanie,True,False,True
2023,Europe,RUSSIE,123,3406,2124,562,5,60,221,434,1543,496,265,306,117,679,5506,3557,701,17,94,292,845,2112,710,464,626,193,1401,RUS,Russie,True,False,False
2023,Europe,SERBIE,121,326,210,34,0,2.5,19,62,165,35,31,28,16,51,606,384,51,0,10,25,136,303,62,37,75,24,105,SRB,Serbie,True,False,False
2023,Europe,UKRAINE,155,3098,2410,191,7,26,235,229,967,389,233,405,177,927,3836,2895,228,14,41,285,373,1290,467,281,459,210,1129,UKR,Ukraine,True,False,False
2023,Maghreb,LIBYE,316,150,121,20,0,0,2.5,8,47,12,32,16,18,25,263,198,27,0,9,2.5,26,77,32,37,30,21,66,LBY,Libye,False,False,False
2023,Maghreb,MAROC,350,36816,19783,6754,1866,4226,585,3602,10117,5102,3438,3126,3800,11233,43357,22497,8397,1976,4674,692,5121,12426,5698,4522,3591,4326,12794,MAR,Maroc,False,False,False
2023,Maghreb,MAURITANIE,336,895,594,79,47,81,2.5,93,249,96,68,66,93,323,1095,720,102,47,91,2.5,131,347,111,82,78,104,373,MRT,Mauritanie,False,False,False
2023,Maghreb,TUNISIE,351,12445,7890,1250,327,1139,200,1639,5379,1584,1290,605,676,2911,15224,9447,1597,366,1281,245,2288,6644,1924,1445,819,797,3595,TUN,Tunisie,False,False,False
2023,Océanie,REP. DES ILES PALAOS,517,2.5,0,2.5,0,0,0,0,0,0,0,0,0,2.5,2.5,0,2.5,0,0,0,0,0,0,0,0,0,2.5,PLW,Palaos,False,False,False
2024,Afrique subsaharienne,AFRIQUE DU SUD,303,241,117,68,2.5,2.5,20,32,100,31,22,16,6,66,313,149,91,2.5,2.5,23,46,133,37,26,20,10,87,ZAF,Afrique du Sud,False,False,False
2024,Afrique subsaharienne,BURUNDI,321,1125,984,31,11,18,8,73,167,110,182,75,151,440,1245,1068,38,11,20,9,99,195,124,201,87,163,475,BDI,Burundi,False,False,False
2024,Afrique subsaharienne,ERYTHREE,317,11,11,0,0,0,0,0,2.5,2.5,2.5,2.5,0,2.5,86,63,0,2.5,0,2.5,20,15,14,5,9,7,36,ERI,Erythrée,False,False,False
2024,Afrique subsaharienne,MALI,335,2194,1624,251,35,88,9,187,772,230,171,140,195,686,2851,1931,318,40,112,17,433,1217,261,187,176,232,778,MLI,Mali,False,False,False
2024,Afrique subsaharienne,MAURICE,390,1206,813,113,23,24,148,85,351,116,148,57,59,475,1568,1026,158,23,37,163,161,512,156,173,81,69,577,MUS,Ile Maurice,False,False,False
2024,Afrique subsaharienne,MOZAMBIQUE,393,138,85,15,2.5,7,2.5,29,25,23,30,11,5,44,152,94,18,2.5,7,2.5,30,31,24,32,13,5,47,MOZ,Mozambique,False,False,False
2024,Afrique subsaharienne,REP. CENTRAFRICAINE,323,565,404,81,5,12,2.5,60,132,73,58,43,69,190,975,640,123,5,23,7,177,261,109,91,75,95,344,CAF,République centrafricaine,False,False,False
2024,Afrique subsaharienne,SAO TOME-ET-PRINCIPE,394,10,10,0,0,0,0,0,0,2.5,0,0,0,7,10,10,0,0,0,0,0,0,2.5,0,0,0,7,STP,Sao Tomé-et-Principe,False,False,False
2024,Afrique subsaharienne,SIERRA LEONE,342,24,16,2.5,0,2.5,0,2.5,7,2.5,2.5,0,2.5,6,40,23,5,0,2.5,0,8,13,5,2.5,2.5,6,9,SLE,Sierra Leone,False,False,False
2024,Afrique subsaharienne,SOMALIE,318,30,28,0,0,0,0,2.5,6,0,2.5,0,0,21,144,98,2.5,0,0,0,42,27,10,13,12,9,73,SOM,Somalie,False,False,False
2024,Amérique,CHILI,417,787,519,65,2.5,63,40,99,276,134,95,44,37,201,894,579,83,2.5,71,50,110,313,152,105,45,45,234,CHL,Chili,False,True,False
2024,Amérique,DOMINIQUE,438,38,34,2.5,0,0,2.5,2.5,10,2.5,2.5,2.5,2.5,18,124,102,2.5,2.5,2.5,2.5,16,22,6,6,2.5,7,79,DMA,Dominique,False,False,False
2024,Amérique,ETATS-UNIS,404,5483,2386,962,9,38,495,1593,3396,565,396,228,136,762,6388,2693,1237,12,58,544,1844,3908,680,434,253,161,952,USA,Etats-Unis,False,True,False
2024,Amérique,JAMAIQUE,426,42,31,2.5,0,0,2.5,2.5,10,5,2.5,0,2.5,21,49,36,2.5,0,0,2.5,6,15,5,2.5,0,2.5,23,JAM,Jamaïque,False,False,False
2024,Amérique,PANAMA,413,71,53,5,0,0,2.5,10,21,6,11,2.5,6,24,77,56,7,0,0,2.5,11,22,8,13,2.5,6,25,PAN,Panama,False,False,False
2024,Amérique,PARAGUAY,421,68,52,2.5,0,2.5,0,9,24,5,12,6,0,21,87,64,6,0,5,2.5,11,32,6,16,7,0,26,PRY,Paraguay,False,False,False
2024,Amérique,PEROU,422,1039,662,192,5,25,51,104,407,136,94,67,63,272,1322,836,231,8,36,61,150,543,155,121,80,75,348,PER,Pérou,False,False,False
2024,Amérique,SAINT-CHRISTOPHE-ET-NIEVES,442,13,2.5,7,0,0,0,2.5,7,2.5,2.5,0,2.5,2.5,17,6,8,0,0,0,2.5,9,2.5,2.5,2.5,2.5,2.5,KNA,Saint-Christophe-et-Niévès,False,False,False
2024,Amérique,VENEZUELA,424,584,441,34,7,14,49,39,161,83,99,57,27,157,770,549,50,7,44,58,62,223,106,132,63,33,213,VEN,Venezuela,False,False,False
2024,Asie,CAMBODGE,234,692,546,40,2.5,41,9,54,242,239,46,24,28,113,814,630,48,2.5,48,10,75,296,261,57,30,29,141,KHM,Cambodge,False,False,False
2024,Asie,CHINE,216,23213,11161,7305,158,1156,1117,2316,9349,2724,1684,1119,2243,6094,26326,12624,7992,188,1344,1249,2929,11520,2872,1738,1266,2354,6576,CHN,Chine,False,False,False
2024,Asie,EMIRATS ARABES UNIS,247,334,296,29,0,2.5,2.5,7,224,35,21,12,5,37,350,303,34,0,2.5,2.5,10,229,39,21,12,6,43,ARE,Emirats arabes unis,False,False,False
2024,Asie,TURKMENISTAN,260,19,14,2.5,0,2.5,2.5,0,10,0,0,2.5,2.5,2.5,28,20,2.5,0,2.5,2.5,2.5,12,2.5,0,2.5,2.5,5,TKM,Turkménistan,False,False,False
2024,Asie,TURQUIE,208,3765,2869,269,9,87,197,334,1577,501,375,393,189,730,5337,3794,377,18,124,235,789,2141,650,441,641,266,1198,TUR,Turquie,True,True,False
2024,Europe,AUTRICHE,110,539,264,131,2.5,2.5,26,114,316,53,20,33,17,100,638,311,152,2.5,7,35,132,369,65,22,41,21,120,AUT,Autriche,True,True,True
2024,Europe,BELGIQUE,131,3144,1990,486,6,57,194,411,1409,298,281,203,361,592,5159,3277,712,16,153,268,733,1948,531,604,342,603,1131,BEL,Belgique,True,True,True
2024,Europe,BOSNIE-HERZEGOVINE,118,87,68,7,0,2.5,2.5,9,32,8,5,5,7,30,191,145,9,0,2.5,2.5,34,46,40,5,47,8,45,BIH,Bosnie-Herzégovine,True,False,False
2024,Europe,ESTONIE,106,125,57,29,0,2.5,12,24,71,15,9,6,2.5,20,151,70,34,0,2.5,15,29,79,18,11,8,5,30,EST,Estonie,True,True,True
2024,Europe,ISLANDE,102,32,13,6,0,2.5,6,6,15,2.5,2.5,2.5,2.5,8,38,14,9,0,2.5,7,7,20,2.5,2.5,2.5,2.5,8,ISL,Islande,True,True,False
2024,Europe,LITUANIE,108,271,122,65,0,0,23,61,140,32,30,10,11,48,350,165,79,0,2.5,31,74,171,43,35,16,14,71,LTU,Lituanie,True,True,True
2024,Europe,MONTENEGRO,120,38,31,2.5,0,0,0,2.5,8,7,5,6,2.5,10,68,54,2.5,0,0,0,11,13,8,5,24,2.5,16,MNE,Monténégro,True,False,False
2024,Europe,UKRAINE,155,3310,2619,180,12,34,236,229,982,420,277,389,193,1049,4243,3213,238,17,49,290,436,1370,537,345,462,224,1305,UKR,Ukraine,True,False,False
2024,Europe,VATICAN,129,2.5,2.5,0,0,0,0,0,0,0,0,0,0,2.5,2.5,2.5,0,0,0,0,0,0,0,0,0,0,2.5,VAT,Vatican,True,True,False
2024,Maghreb,ALGERIE,352,27675,23766,1416,158,370,278,1687,12063,2495,2187,1584,2266,7080,34757,28670,1919,205,561,327,3075,15258,3275,2745,2009,2849,8621,DZA,Algérie,False,False,False
2024,Maghreb,TUNISIE,351,12989,8091,1326,409,1287,165,1711,5640,1629,1375,577,789,2979,15948,9844,1608,460,1454,196,2386,6904,1983,1564,842,919,3736,TUN,Tunisie,False,False,False
2024,Océanie,AUSTRALIE,501,397,231,60,0,2.5,21,84,171,115,22,23,10,56,456,255,79,0,2.5,27,92,193,126,30,25,12,70,AUS,Australie,False,True,False
2024,Océanie,ILES SALOMON,512,0,0,0,0,0,0,0,0,0,0,0,0,0,2.5,0,2.5,0,0,0,0,2.5,0,0,0,0,0,SLB,Îles Salomon,False,False,False
2024,Océanie,PAPOUASIE-NOUVELLE-GUINEE,510,2.5,0,0,0,0,0,2.5,0,2.5,0,0,0,0,2.5,0,2.5,0,0,0,2.5,2.5,2.5,0,0,0,0,PNG,Papouasie-Nouvelle-Guinée,False,False,False
2024,Océanie,REP. DES ILES PALAOS,517,2.5,0,2.5,0,0,0,0,0,0,0,0,0,2.5,2.5,0,2.5,0,0,0,0,0,0,0,0,0,2.5,PLW,Palaos,False,False,False
2024,Océanie,TONGA,509,2.5,2.5,2.5,0,0,0,0,2.5,0,0,0,0,0,2.5,2.5,2.5,0,2.5,0,0,2.5,0,0,0,0,0,TON,Tonga,False,False,False
2022,Afrique subsaharienne,COMORES,397,1651,1422,25,15,12,7,170,538,146,113,49,70,735,3798,2657,43,17,18,9,1054,699,321,275,97,117,2289,COM,Comores,False,False,False
2022,Afrique subsaharienne,NAMIBIE,311,8,2.5,2.5,0,0,2.5,0,7,2.5,0,0,0,0,9,2.5,5,0,0,2.5,0,7,2.5,0,0,0,2.5,NAM,Namibie,False,False,False
2022,Afrique subsaharienne,OUGANDA,339,57,33,6,0,2.5,2.5,16,25,7,5,2.5,8,9,69,41,7,0,2.5,2.5,19,28,9,6,2.5,9,14,UGA,Uganda,False,False,False
2022,Afrique subsaharienne,REP. CENTRAFRICAINE,323,495,399,31,6,11,0,48,108,60,51,41,50,185,873,617,59,6,18,5,168,237,92,76,74,76,318,CAF,République centrafricaine,False,False,False
2022,Afrique subsaharienne,RWANDA,340,332,232,33,2.5,6,5,52,87,61,23,24,50,87,532,373,47,6,11,8,87,138,96,31,41,84,142,RWA,Rwanda,False,False,False
2022,Amérique,COLOMBIE,419,3694,2347,530,71,231,140,375,1200,546,527,307,124,990,4157,2621,586,74,260,176,440,1394,600,577,332,139,1115,COL,Colombie,False,True,False
2022,Amérique,HONDURAS,411,160,119,7,2.5,5,9,18,39,30,31,9,8,43,202,150,10,2.5,5,11,24,48,35,37,25,8,49,HND,Honduras,False,False,False
2022,Amérique,PARAGUAY,421,72,51,8,0,2.5,2.5,6,27,6,16,5,2.5,17,98,66,10,0,5,2.5,14,40,8,18,9,2.5,22,PRY,Paraguay,False,False,False
2022,Amérique,SALVADOR,414,225,145,37,2.5,11,6,25,54,59,42,16,9,45,273,180,40,2.5,14,7,31,67,65,44,32,11,54,SLV,Salvador,False,False,False
2022,Asie,ARABIE SAOUDITE,201,595,474,58,2.5,2.5,7,54,147,79,53,51,36,229,647,512,64,2.5,2.5,9,60,167,85,56,52,36,251,SAU,Arabie Saoudite,False,False,False
2022,Asie,BHOUTAN,214,2.5,2.5,2.5,0,0,2.5,0,2.5,2.5,0,0,0,0,2.5,2.5,2.5,0,0,2.5,0,2.5,2.5,0,0,0,2.5,BTN,Bhoutan,False,False,False
2022,Asie,CHYPRE,254,185,140,19,0,2.5,12,11,60,22,28,27,10,38,205,152,24,0,2.5,15,11,70,23,29,32,10,41,CYP,Chypre,True,False,True
2022,Asie,NEPAL,215,164,83,48,0,0,2.5,30,45,22,23,14,2.5,56,198,105,50,0,0,2.5,39,70,22,25,16,5,60,NPL,Népal,False,False,False
2022,Asie,TAIWAN,236,964,377,377,2.5,5,106,98,410,173,39,70,49,223,1051,405,404,2.5,8,127,106,453,194,40,70,50,244,TWN,Taïwan,False,False,False
2022,Asie,VIETNAM,243,4844,3545,404,18,279,98,500,1295,724,416,171,230,2008,5254,3773,471,23,298,110,579,1456,771,441,186,243,2157,VNM,Viêt Nam,False,False,False
2022,Europe,ALBANIE,125,559,434,34,0,21,21,49,126,139,60,62,26,146,1355,934,73,5,41,31,271,191,345,121,212,69,417,ALB,Albanie,True,False,False
2022,Europe,ALLEMAGNE,109,7226,4638,1287,27,148,212,914,2937,852,486,977,239,1735,8490,5416,1460,46,197,255,1116,3297,1002,607,1234,282,2068,DEU,Allemagne,True,True,True
2022,Europe,ANDORRE,130,317,254,8,2.5,13,2.5,38,30,21,236,2.5,2.5,24,364,284,11,2.5,16,5,45,39,31,252,6,2.5,32,AND,Andorre,True,False,False
2022,Europe,CROATIE,119,205,108,58,0,2.5,11,26,81,14,21,16,6,67,249,138,62,0,5,12,32,107,19,22,20,8,73,HRV,Croatie,True,False,True
2022,Europe,DANEMARK,101,290,133,75,0,6,27,49,158,52,20,18,7,35,366,171,95,2.5,7,33,59,186,60,30,28,12,50,DNK,Danemark,True,True,True
2022,Europe,ITALIE,127,13288,8140,2989,40,248,326,1545,6700,1851,903,761,504,2569,20028,12575,3460,107,413,440,3033,8265,3368,1572,1460,828,4535,ITA,Italie,True,True,True
2022,Europe,LETTONIE,107,139,73,27,0,2.5,16,20,64,11,14,11,12,27,204,108,35,0,7,22,32,85,22,21,13,14,49,LVA,Lettonie,True,True,True
2022,Europe,LITUANIE,108,283,148,50,0,2.5,26,58,142,38,18,16,10,59,336,181,59,0,2.5,31,64,161,43,23,19,15,75,LTU,Lituanie,True,True,True
2022,Europe,MACEDOINE,156,107,84,12,0,2.5,0,9,32,11,12,15,2.5,35,155,111,23,0,2.5,2.5,17,40,22,12,27,5,49,MKD,Macédoine du Nord,True,False,False
2022,Europe,PAYS-BAS,135,861,425,187,2.5,7,45,196,363,95,107,40,82,174,1627,911,259,8,37,69,343,558,203,220,78,148,420,NLD,Pays-Bas,True,True,True
2022,Europe,PORTUGAL,139,1560,858,321,7,39,94,241,700,150,156,160,62,332,7751,4991,719,41,161,209,1630,3393,872,691,463,269,2063,PRT,Portugal,True,True,True
2022,Europe,ROYAUME-UNI,132,2002,1294,315,2.5,29,119,241,805,336,242,122,45,452,3594,2349,492,21,87,175,470,1073,500,495,171,104,1251,GBR,Royaume-Uni,True,True,False
2022,Europe,RUSSIE,123,3243,2088,493,2.5,78,194,387,1425,473,245,301,124,675,5246,3469,622,14,120,249,772,1963,646,426,614,189,1408,RUS,Russie,True,False,False
2022,Europe,SAINT-MARIN,128,5,5,0,0,0,0,0,2.5,0,2.5,2.5,2.5,2.5,7,6,0,0,0,2.5,0,2.5,2.5,2.5,2.5,2.5,2.5,SMR,Saint-Marin,False,False,False
2022,Europe,SLOVAQUIE,117,275,191,20,2.5,2.5,10,50,100,34,18,31,12,80,349,239,29,2.5,5,13,60,119,47,24,47,16,96,SVK,Slovaquie,True,True,True
2022,Europe,SLOVENIE,145,98,50,19,0,2.5,12,13,46,11,2.5,9,5,23,117,60,26,0,5,12,14,53,13,2.5,10,6,31,SVN,Slovénie,True,True,True
2022,Maghreb,MAURITANIE,336,913,644,64,36,78,2.5,90,277,100,78,70,91,297,1134,784,91,36,86,2.5,133,377,115,91,86,106,359,MRT,Mauritanie,False,False,False
2022,Maghreb,TUNISIE,351,11755,7464,1136,263,1078,201,1613,5296,1387,1204,613,631,2624,14291,8862,1506,305,1194,233,2191,6534,1656,1346,771,747,3237,TUN,Tunisie,False,False,False
2023,Afrique subsaharienne,AFRIQUE DU SUD,303,258,112,84,2.5,2.5,23,35,115,22,30,15,7,69,307,136,91,2.5,2.5,29,46,134,24,33,17,12,87,ZAF,Afrique du Sud,False,False,False
2023,Afrique subsaharienne,CAP-VERT,396,47,34,6,0,2.5,0,6,18,7,5,2.5,5,9,237,148,16,0,2.5,2.5,69,147,18,10,2.5,11,47,CPV,Cap Vert,False,False,False
2023,Afrique subsaharienne,ETHIOPIE,315,283,221,18,2.5,5,2.5,34,39,51,70,12,13,98,371,276,25,2.5,8,7,51,56,65,80,20,19,131,ETH,Ethiopie,False,False,False
2023,Afrique subsaharienne,GUINEE,330,2898,2372,220,24,50,25,207,688,401,270,222,259,1058,3978,2979,307,32,75,31,554,1054,509,326,281,417,1391,GIN,Guinée,False,False,False
2023,Afrique subsaharienne,GUINEE EQUATORIALE,314,49,38,5,0,2.5,0,5,7,7,9,2.5,6,16,76,55,7,2.5,2.5,0,12,21,9,14,6,6,20,GNQ,Guinée-Équatoriale,False,False,False
2023,Afrique subsaharienne,KENYA,332,211,136,32,0,2.5,5,36,70,31,26,14,2.5,66,244,158,35,0,2.5,5,42,80,33,28,16,5,82,KEN,Kenya,False,False,False
2023,Afrique subsaharienne,LIBERIA,302,10,2.5,2.5,0,0,0,2.5,2.5,0,0,2.5,2.5,2.5,20,10,5,0,0,2.5,2.5,8,2.5,2.5,2.5,2.5,6,LBR,Liberia,False,False,False
2023,Afrique subsaharienne,MALAWI,334,16,14,2.5,0,0,0,0,2.5,2.5,0,0,0,11,17,14,2.5,0,0,0,0,2.5,2.5,0,0,0,11,MWI,Malawi,False,False,False
2023,Afrique subsaharienne,MAURICE,390,1206,832,97,23,26,121,107,418,120,143,55,61,409,1567,1052,131,23,38,139,184,576,164,161,74,73,519,MUS,Ile Maurice,False,False,False
2023,Afrique subsaharienne,NIGER,337,896,651,122,11,36,7,69,210,129,115,57,92,293,1033,717,166,11,39,7,93,266,144,135,63,101,324,NER,Niger,False,False,False
2023,Afrique subsaharienne,NIGERIA,338,865,477,182,2.5,16,29,159,241,125,73,54,53,319,1181,681,205,2.5,19,33,239,334,151,82,88,94,432,NGA,Nigéria,False,False,False
2023,Afrique subsaharienne,REP. CENTRAFRICAINE,323,524,395,63,5,10,2.5,50,126,63,50,44,58,183,930,620,104,6,17,8,175,255,96,82,84,83,330,CAF,République centrafricaine,False,False,False
2023,Afrique subsaharienne,RWANDA,340,353,234,40,2.5,8,6,62,92,72,22,25,55,87,563,373,56,2.5,15,10,105,142,100,32,41,96,152,RWA,Rwanda,False,False,False
2023,Afrique subsaharienne,TANZANIE,309,58,17,22,0,0,2.5,18,15,6,18,2.5,2.5,15,64,20,22,0,0,2.5,21,17,6,18,2.5,2.5,18,TZA,Tanzanie,False,False,False
2023,Afrique subsaharienne,ZIMBABWE,310,69,45,7,0,2.5,2.5,13,16,15,2.5,2.5,5,25,73,48,7,0,2.5,2.5,14,17,15,2.5,5,5,27,ZWE,Zimbabwe,False,False,False
2023,Amérique,ANTIGUA-ET-BARBUDA,441,11,2.5,6,0,0,0,2.5,5,2.5,0,0,2.5,2.5,13,2.5,7,0,0,0,2.5,7,2.5,0,0,2.5,2.5,ATG,Antigua-et-Barbuda,False,False,False
2023,Amérique,BELIZE,429,2.5,2.5,2.5,0,0,2.5,0,2.5,0,0,0,0,2.5,2.5,2.5,2.5,0,0,2.5,0,2.5,0,0,0,0,2.5,BLZ,Belize,False,False,False
2023,Amérique,BRESIL,416,4617,2486,507,83,885,143,513,1742,766,409,260,477,963,5527,3109,580,85,939,173,641,2075,856,486,296,524,1290,BRA,Brésil,False,False,False
2023,Amérique,CANADA,401,1930,1107,354,6,54,105,304,870,337,170,142,51,360,2245,1259,434,7,72,117,356,1010,385,190,154,69,437,CAN,Canada,False,True,False
2023,Amérique,DOMINIQUE,438,46,38,2.5,0,0,2.5,5,12,2.5,2.5,2.5,2.5,25,123,94,2.5,2.5,2.5,2.5,22,20,5,7,2.5,7,80,DMA,Dominique,False,False,False
2023,Amérique,GUATEMALA,409,178,109,24,2.5,6,11,26,53,31,23,14,6,51,225,135,33,2.5,7,17,31,69,40,25,24,8,59,GTM,Guatemala,False,False,False
2023,Amérique,MEXIQUE,405,2867,1648,678,2.5,106,129,303,991,387,312,247,172,758,3126,1785,730,7,121,149,334,1094,406,333,278,181,834,MEX,Mexique,False,True,False
2023,Amérique,REPUBLIQUE DOMINICAINE,408,136,49,38,0,0,2.5,46,24,9,30,5,7,61,182,69,42,0,2.5,2.5,67,33,14,36,6,8,85,DOM,République dominicaine,False,False,False
2023,Amérique,SAINT-CHRISTOPHE-ET-NIEVES,442,9,2.5,7,0,0,0,0,8,0,0,0,0,2.5,12,2.5,7,0,0,0,2.5,9,2.5,0,2.5,0,2.5,KNA,Saint-Christophe-et-Niévès,False,False,False
2023,Amérique,SAINT-VINCENT-ET-LES-GRENADINES,440,5,5,0,0,0,0,0,2.5,2.5,0,0,0,2.5,5,5,0,0,0,0,0,2.5,2.5,0,0,0,2.5,VCT,Saint-Vincent-et-les-Grenadines,False,False,False
2023,Amérique,SAINTE-LUCIE,439,36,35,0,2.5,0,0,0,2.5,2.5,0,2.5,0,33,57,51,0,2.5,0,0,5,2.5,2.5,0,2.5,2.5,50,LCA,Sainte-Lucie,False,False,False
2023,Amérique,TRINITE-ET-TOBAGO,433,32,22,5,2.5,0,2.5,2.5,10,6,5,2.5,0,9,34,23,6,2.5,0,2.5,2.5,11,7,5,2.5,0,9,TTO,Trinité et Tobago,False,False,False
2023,Amérique,URUGUAY,423,129,69,17,0,19,7,17,61,6,14,7,7,34,141,76,18,0,20,9,18,63,9,17,8,8,36,URY,Uruguay,False,False,False
2023,Asie,ARABIE SAOUDITE,201,555,425,72,0,2.5,5,51,137,82,44,40,38,214,604,450,84,0,2.5,8,59,159,88,46,42,38,231,SAU,Arabie Saoudite,False,False,False
2023,Asie,BRUNEI,225,11,6,2.5,0,0,2.5,2.5,2.5,0,2.5,0,2.5,2.5,12,6,2.5,0,0,2.5,2.5,5,0,2.5,0,2.5,2.5,BRN,Brunei,False,False,False
2023,Asie,EMIRATS ARABES UNIS,247,301,267,24,0,2.5,2.5,6,217,8,20,11,9,36,324,279,31,0,2.5,2.5,9,225,15,21,11,9,43,ARE,Emirats arabes unis,False,False,False
2023,Asie,JAPON,217,1443,795,207,2.5,34,222,183,669,201,92,106,62,313,1652,903,217,5,52,265,210,780,230,103,111,71,357,JPN,Japon,False,True,False
2023,Asie,KOWEIT,240,102,88,9,0,0,2.5,2.5,20,12,27,16,2.5,23,112,96,9,0,0,2.5,5,23,12,34,16,2.5,23,KWT,Koweït,False,False,False
2023,Asie,LAOS,241,73,49,6,2.5,2.5,2.5,12,23,15,11,2.5,6,15,100,65,6,2.5,2.5,5,22,31,18,16,6,6,23,LAO,Laos,False,False,False
2023,Asie,LIBAN,205,10245,6807,1319,175,640,290,1014,4122,1409,996,587,767,2364,11234,7310,1513,178,718,355,1160,4657,1515,1042,692,798,2530,LBN,Liban,False,False,False
2023,Asie,MONGOLIE,242,113,78,15,2.5,0,8,11,52,8,9,21,2.5,20,277,191,25,2.5,5,16,39,95,23,17,34,10,98,MNG,Mongolie,False,False,False
2023,Asie,OMAN,250,72,66,2.5,0,0,2.5,2.5,6,13,16,6,7,24,80,68,9,0,2.5,2.5,2.5,12,13,16,6,7,26,OMN,Oman,False,False,False
2023,Asie,OUZBEKISTAN,258,134,101,13,0,0,7,13,57,14,8,14,2.5,37,165,125,15,0,2.5,9,15,63,17,10,19,5,51,UZB,Ouzbékistan,False,False,False
2023,Asie,PHILIPPINES,220,388,228,97,0,2.5,16,45,140,39,80,27,23,79,629,358,111,5,7,21,127,293,52,87,30,25,142,PHL,Philippines,False,False,False
2023,Asie,SRI LANKA,235,184,84,35,2.5,18,15,31,80,17,12,8,2.5,64,1097,662,64,14,51,20,286,826,35,23,42,18,153,LKA,Sri Lanka,False,False,False
2023,Asie,TURQUIE,208,3338,2565,216,8,88,168,293,1385,442,334,392,148,637,4912,3532,302,17,127,209,725,1906,605,404,632,232,1133,TUR,Turquie,True,True,False
2023,Europe,BELGIQUE,131,2997,1943,438,9,44,168,395,1283,293,234,189,393,605,4944,3152,629,23,145,274,721,1782,525,530,330,623,1154,BEL,Belgique,True,True,True
2023,Europe,ESPAGNE,134,6497,4182,888,30,315,208,874,2384,819,996,524,265,1509,12087,7934,1155,73,454,304,2167,3526,1345,2468,826,579,3343,ESP,Espagne,True,True,True
2023,Europe,ITALIE,127,13280,7913,3200,39,236,358,1534,6879,1740,884,822,508,2447,21037,12968,3725,117,448,515,3264,8718,3494,1655,1651,865,4654,ITA,Italie,True,True,True
2023,Europe,MOLDAVIE,151,258,229,6,0,2.5,8,12,68,34,17,52,13,74,564,410,24,2.5,9,19,100,284,48,23,66,16,127,MDA,Moldavie,True,False,False
2023,Europe,MONACO,138,188,118,23,2.5,2.5,13,29,56,10,12,2.5,6,100,322,177,50,2.5,10,30,51,99,22,18,7,11,165,MCO,Monaco,False,False,False
2023,Europe,PORTUGAL,139,1626,892,328,6,34,95,271,735,154,157,169,78,333,7762,4985,747,36,154,230,1610,3436,868,698,450,291,2019,PRT,Portugal,True,True,True
2023,Europe,ROYAUME-UNI,132,1914,1212,360,2.5,17,90,231,800,317,206,117,56,418,3359,2145,520,22,69,150,453,1070,469,421,157,101,1141,GBR,Royaume-Uni,True,True,False
2023,Europe,SUEDE,104,693,301,193,2.5,14,70,113,341,135,52,41,18,106,828,368,220,2.5,19,83,134,397,147,60,48,29,147,SWE,Suède,True,True,True
2023,Nationalite non connue,"AUTRE PAYS, ETRANGER SANS AUTRE INDICATION",999,2112,22,215,0,5,7,1863,835,248,122,155,150,602,5277,30,281,0,744,9,4213,2753,445,276,268,268,1267,NA,NA,NA,NA,NA
2023,Océanie,FIDJI,508,5,2.5,2.5,0,0,2.5,0,2.5,0,2.5,0,0,2.5,14,5,2.5,0,0,2.5,5,5,2.5,2.5,0,0,5,FJI,Fidji,False,False,False
2023,Océanie,PAPOUASIE-NOUVELLE-GUINEE,510,2.5,0,2.5,0,0,0,2.5,0,2.5,0,0,0,2.5,2.5,0,2.5,0,0,0,2.5,0,2.5,0,0,0,2.5,PNG,Papouasie-Nouvelle-Guinée,False,False,False
2023,Océanie,VANUATU,514,9,5,2.5,2.5,2.5,2.5,0,2.5,2.5,0,2.5,2.5,2.5,15,9,2.5,2.5,2.5,2.5,2.5,2.5,2.5,2.5,2.5,2.5,6,VUT,Vanuatu,False,False,False
2024,Afrique subsaharienne,COMORES,397,1645,1306,57,12,19,12,239,520,148,120,56,73,728,4317,2808,89,14,23,14,1369,720,408,319,122,124,2624,COM,Comores,False,False,False
2024,Afrique subsaharienne,CONGO,324,6319,4231,902,46,136,48,956,1994,730,381,501,559,2154,8616,5575,1159,57,176,63,1586,3102,946,457,630,742,2739,COG,Congo,False,False,False
2024,Afrique subsaharienne,NIGER,337,756,539,103,10,39,9,56,195,108,96,46,73,238,898,616,136,11,42,9,84,243,126,111,57,85,276,NER,Niger,False,False,False
2024,Afrique subsaharienne,REP. DEM. CONGO,312,1959,1328,246,13,83,24,265,609,206,188,128,233,595,3452,2168,405,18,112,39,710,1306,383,231,195,392,945,COD,Congo (Rép. dém.),False,False,False
2024,Afrique subsaharienne,SEYCHELLES,398,9,7,2.5,0,0,2.5,0,2.5,0,2.5,0,0,5,23,20,2.5,0,0,2.5,0,7,2.5,2.5,0,2.5,12,SYC,Seychelles,False,False,False
2024,Afrique subsaharienne,SOUDAN,343,219,197,2.5,0,0,2.5,20,54,29,16,12,36,72,393,319,2.5,2.5,2.5,9,59,98,60,20,22,50,143,SDN,Soudan,False,False,False
2024,Afrique subsaharienne,ZIMBABWE,310,59,36,10,0,2.5,2.5,9,11,12,5,2.5,8,21,65,38,13,0,2.5,2.5,10,15,12,6,2.5,9,20,ZWE,Zimbabwe,False,False,False
2024,Amérique,ANTIGUA-ET-BARBUDA,441,10,2.5,6,0,0,0,0,6,2.5,0,0,2.5,0,11,2.5,6,0,0,0,2.5,6,2.5,0,0,2.5,0,ATG,Antigua-et-Barbuda,False,False,False
2024,Amérique,ARGENTINE,415,621,389,60,0,37,28,107,271,101,62,36,22,129,722,445,82,0,44,31,120,310,108,83,38,23,160,ARG,Argentine,False,False,False
2024,Amérique,COSTA RICA,406,222,154,23,2.5,6,9,29,67,40,28,14,20,53,245,172,25,2.5,7,10,29,74,43,35,18,20,55,CRI,Costa Rica,False,False,False
2024,Amérique,EQUATEUR,420,624,419,80,2.5,23,39,61,155,140,98,37,43,151,716,476,89,2.5,25,48,76,191,150,112,51,47,165,ECU,Equateur,False,False,False
2024,Amérique,MEXIQUE,405,2702,1620,511,6,96,110,359,903,435,296,209,176,683,2991,1750,596,10,115,122,398,1018,464,334,237,183,755,MEX,Mexique,False,True,False
2024,Amérique,NICARAGUA,412,75,58,7,0,0,6,2.5,18,14,20,2.5,2.5,20,89,69,9,0,2.5,6,2.5,20,18,22,2.5,2.5,24,NIC,Nicaragua,False,False,False
2024,Amérique,SALVADOR,414,246,163,32,2.5,8,16,24,61,58,38,18,14,57,305,205,39,2.5,10,17,30,82,63,47,37,14,62,SLV,Salvador,False,False,False
2024,Amérique,SURINAME,437,6,2.5,0,0,0,0,2.5,0,0,0,0,2.5,2.5,183,110,2.5,0,0,2.5,71,2.5,2.5,2.5,7,8,159,SUR,Suriname,False,False,False
2024,Asie,CHYPRE,254,240,167,20,2.5,2.5,19,30,95,24,34,27,9,51,267,180,26,2.5,2.5,22,35,110,25,35,31,9,57,CYP,Chypre,True,False,True
2024,Asie,COREE DU SUD,239,2086,1119,226,2.5,9,490,239,1052,331,140,107,40,416,2375,1272,268,2.5,24,537,270,1228,354,146,115,47,485,KOR,Corée du Sud,False,True,False
2024,Asie,INDONESIE,231,1011,566,256,8,23,52,106,263,101,160,60,78,349,1113,605,290,8,33,56,121,299,114,172,63,81,384,IDN,Indonésie,False,False,False
2024,Asie,JORDANIE,222,176,121,21,2.5,2.5,2.5,27,62,26,24,9,17,38,209,140,28,2.5,2.5,2.5,33,78,32,24,11,21,43,JOR,Jordanie,False,False,False
2024,Asie,KAZAKHSTAN,256,594,386,84,2.5,7,37,79,191,95,63,79,36,130,716,460,102,2.5,10,44,99,233,102,73,96,40,172,KAZ,Kazakhstan,True,False,False
2024,Asie,LIBAN,205,9464,6250,1102,207,697,247,961,3769,1365,940,525,652,2213,10576,6770,1402,211,782,280,1131,4342,1488,1017,653,687,2389,LBN,Liban,False,False,False
2024,Asie,OMAN,250,68,58,7,0,2.5,2.5,2.5,8,9,14,10,5,22,75,61,10,0,2.5,2.5,2.5,12,10,14,10,5,24,OMN,Oman,False,False,False
2024,Asie,OUZBEKISTAN,258,137,100,15,2.5,2.5,7,13,53,19,7,12,2.5,43,183,133,21,2.5,2.5,8,18,70,24,10,17,2.5,59,UZB,Ouzbékistan,False,False,False
2024,Asie,SRI LANKA,235,190,86,35,0,17,12,40,91,21,12,6,2.5,57,1203,728,68,13,53,20,321,912,40,27,41,23,160,LKA,Sri Lanka,False,False,False
2024,Asie,TAIWAN,236,1076,398,443,0,2.5,133,98,457,191,44,67,66,251,1208,432,507,0,7,155,107,533,210,46,70,68,281,TWN,Taïwan,False,False,False
2024,Asie,TIMOR ORIENTAL,262,2.5,0,2.5,0,0,0,0,0,0,0,0,0,2.5,2.5,0,2.5,0,0,0,0,0,0,0,0,2.5,2.5,TLS,Timor oriental,False,False,False
2024,Europe,CROATIE,119,205,109,45,0,2.5,13,35,104,10,20,8,15,48,258,142,54,2.5,5,16,40,137,13,20,12,16,60,HRV,Croatie,True,False,True
2024,Europe,DANEMARK,101,262,127,72,0,2.5,15,47,144,34,30,9,8,37,345,163,101,2.5,2.5,21,56,174,47,40,13,11,60,DNK,Danemark,True,True,True
2024,Europe,MOLDAVIE,151,232,191,10,0,2.5,8,21,73,27,15,45,12,60,565,373,46,2.5,7,21,117,309,44,21,57,16,118,MDA,Moldavie,True,False,False
2024,Europe,PORTUGAL,139,1668,906,324,7,39,92,300,727,168,177,178,85,333,7805,5028,752,38,160,229,1598,3424,888,745,460,273,2015,PRT,Portugal,True,True,True
2024,Europe,SUEDE,104,755,328,206,7,6,78,130,342,162,59,54,14,124,901,404,238,9,14,89,147,415,171,72,56,22,165,SWE,Suède,True,True,True
2024,Europe,SUISSE,140,1614,917,272,2.5,8,191,225,807,235,78,212,34,248,2417,1347,447,2.5,25,255,341,1049,484,131,281,51,421,CHE,Suisse,True,True,False
2024,Maghreb,MAURITANIE,336,1022,644,105,53,111,2.5,106,297,118,76,70,97,364,1245,778,135,54,121,5,152,407,127,85,86,105,435,MRT,Mauritanie,False,False,False
2024,Océanie,MICRONESIE,516,0,0,0,0,0,0,0,0,0,0,0,0,0,2.5,2.5,0,0,0,0,0,0,0,2.5,0,0,0,FSM,Micronésie,False,False,False
